[[2, 4], {"0000/0000": [[[4, 0], [3, 0], [2, 0], [1, 0], [3, 3], [2, 2], [1, 1]], 3], "0001/0000": [[[4, 0], [3, 0], [2, 0], [3, 3], [2, 2], [1, 1]], 2], "0011/0000": [[[4, 0], [3, 0], [3, 3], [2, 2], [2, 1]], 3], "0111/0000": [[[4, 0], [3, 3], [3, 2], [3, 1]], 3], "1111/0000": [[[4, 3], [4, 2], [4, 1]], 1], "0001/0001": [[[4, 1], [3, 1], [2, 1], [3, 3], [2, 2]], 3], "0011/0011": [[[4, 2], [3, 2], [3, 3]], 3], "0111/0111": [[[4, 3]], 1], "1111/0111": [[], 0], "0111/0011": [[[4, 2], [3, 3]], 2], "1111/0011": [[[4, 3]], 1], "0011/0001": [[[4, 1], [3, 1], [3, 3], [2, 2]], 2], "0111/0001": [[[4, 1], [3, 3], [3, 2]], 3], "1111/0001": [[[4, 3], [4, 2]], 1]}, [[[false, false, false, true], [false, false, false, false]]]]