[[2, 5], {"00000/00000": [[[5, 0], [4, 0], [3, 0], [2, 0], [1, 0], [4, 4], [3, 3], [2, 2], [1, 1]], 3], "00001/00000": [[[5, 0], [4, 0], [3, 0], [2, 0], [4, 4], [3, 3], [2, 2], [1, 1]], 2], "00011/00000": [[[5, 0], [4, 0], [3, 0], [4, 4], [3, 3], [2, 2], [2, 1]], 3], "00111/00000": [[[5, 0], [4, 0], [4, 4], [3, 3], [3, 2], [3, 1]], 3], "01111/00000": [[[5, 0], [4, 4], [4, 3], [4, 2], [4, 1]], 3], "11111/00000": [[[5, 4], [5, 3], [5, 2], [5, 1]], 1], "00001/00001": [[[5, 1], [4, 1], [3, 1], [2, 1], [4, 4], [3, 3], [2, 2]], 3], "00011/00011": [[[5, 2], [4, 2], [3, 2], [4, 4], [3, 3]], 3], "00111/00111": [[[5, 3], [4, 3], [4, 4]], 3], "01111/01111": [[[5, 4]], 1], "11111/01111": [[], 0], "01111/00111": [[[5, 3], [4, 4]], 2], "11111/00111": [[[5, 4]], 1], "00111/00011": [[[5, 2], [4, 2], [4, 4], [3, 3]], 2], "01111/00011": [[[5, 2], [4, 4], [4, 3]], 3], "11111/00011": [[[5, 4], [5, 3]], 1], "00011/00001": [[[5, 1], [4, 1], [3, 1], [4, 4], [3, 3], [2, 2]], 2], "00111/00001": [[[5, 1], [4, 1], [4, 4], [3, 3], [3, 2]], 3], "01111/00001": [[[5, 1], [4, 4], [4, 3], [4, 2]], 3], "11111/00001": [[[5, 4], [5, 3], [5, 2]], 1]}, [[[false, false, false, false, true], [false, false, false, false, false]]]]