[[2, 6], {"000000/000000": [[[6, 0], [5, 0], [4, 0], [3, 0], [2, 0], [1, 0], [5, 5], [4, 4], [3, 3], [2, 2], [1, 1]], 3], "000001/000000": [[[6, 0], [5, 0], [4, 0], [3, 0], [2, 0], [5, 5], [4, 4], [3, 3], [2, 2], [1, 1]], 2], "000011/000000": [[[6, 0], [5, 0], [4, 0], [3, 0], [5, 5], [4, 4], [3, 3], [2, 2], [2, 1]], 3], "000111/000000": [[[6, 0], [5, 0], [4, 0], [5, 5], [4, 4], [3, 3], [3, 2], [3, 1]], 3], "001111/000000": [[[6, 0], [5, 0], [5, 5], [4, 4], [4, 3], [4, 2], [4, 1]], 3], "011111/000000": [[[6, 0], [5, 5], [5, 4], [5, 3], [5, 2], [5, 1]], 3], "111111/000000": [[[6, 5], [6, 4], [6, 3], [6, 2], [6, 1]], 1], "000001/000001": [[[6, 1], [5, 1], [4, 1], [3, 1], [2, 1], [5, 5], [4, 4], [3, 3], [2, 2]], 3], "000011/000011": [[[6, 2], [5, 2], [4, 2], [3, 2], [5, 5], [4, 4], [3, 3]], 3], "000111/000111": [[[6, 3], [5, 3], [4, 3], [5, 5], [4, 4]], 3], "001111/001111": [[[6, 4], [5, 4], [5, 5]], 3], "011111/011111": [[[6, 5]], 1], "111111/011111": [[], 0], "011111/001111": [[[6, 4], [5, 5]], 2], "111111/001111": [[[6, 5]], 1], "001111/000111": [[[6, 3], [5, 3], [5, 5], [4, 4]], 2], "011111/000111": [[[6, 3], [5, 5], [5, 4]], 3], "111111/000111": [[[6, 5], [6, 4]], 1], "000111/000011": [[[6, 2], [5, 2], [4, 2], [5, 5], [4, 4], [3, 3]], 2], "001111/000011": [[[6, 2], [5, 2], [5, 5], [4, 4], [4, 3]], 3], "011111/000011": [[[6, 2], [5, 5], [5, 4], [5, 3]], 3], "111111/000011": [[[6, 5], [6, 4], [6, 3]], 1], "000011/000001": [[[6, 1], [5, 1], [4, 1], [3, 1], [5, 5], [4, 4], [3, 3], [2, 2]], 2], "000111/000001": [[[6, 1], [5, 1], [4, 1], [5, 5], [4, 4], [3, 3], [3, 2]], 3], "001111/000001": [[[6, 1], [5, 1], [5, 5], [4, 4], [4, 3], [4, 2]], 3], "011111/000001": [[[6, 1], [5, 5], [5, 4], [5, 3], [5, 2]], 3], "111111/000001": [[[6, 5], [6, 4], [6, 3], [6, 2]], 1]}, [[[false, false, false, false, false, true], [false, false, false, false, false, false]]]]