[[2, 7], {"0000000/0000000": [[[7, 0], [6, 0], [5, 0], [4, 0], [3, 0], [2, 0], [1, 0], [6, 6], [5, 5], [4, 4], [3, 3], [2, 2], [1, 1]], 3], "0000001/0000000": [[[7, 0], [6, 0], [5, 0], [4, 0], [3, 0], [2, 0], [6, 6], [5, 5], [4, 4], [3, 3], [2, 2], [1, 1]], 2], "0000011/0000000": [[[7, 0], [6, 0], [5, 0], [4, 0], [3, 0], [6, 6], [5, 5], [4, 4], [3, 3], [2, 2], [2, 1]], 3], "0000111/0000000": [[[7, 0], [6, 0], [5, 0], [4, 0], [6, 6], [5, 5], [4, 4], [3, 3], [3, 2], [3, 1]], 3], "0001111/0000000": [[[7, 0], [6, 0], [5, 0], [6, 6], [5, 5], [4, 4], [4, 3], [4, 2], [4, 1]], 3], "0011111/0000000": [[[7, 0], [6, 0], [6, 6], [5, 5], [5, 4], [5, 3], [5, 2], [5, 1]], 3], "0111111/0000000": [[[7, 0], [6, 6], [6, 5], [6, 4], [6, 3], [6, 2], [6, 1]], 3], "1111111/0000000": [[[7, 6], [7, 5], [7, 4], [7, 3], [7, 2], [7, 1]], 1], "0000001/0000001": [[[7, 1], [6, 1], [5, 1], [4, 1], [3, 1], [2, 1], [6, 6], [5, 5], [4, 4], [3, 3], [2, 2]], 3], "0000011/0000011": [[[7, 2], [6, 2], [5, 2], [4, 2], [3, 2], [6, 6], [5, 5], [4, 4], [3, 3]], 3], "0000111/0000111": [[[7, 3], [6, 3], [5, 3], [4, 3], [6, 6], [5, 5], [4, 4]], 3], "0001111/0001111": [[[7, 4], [6, 4], [5, 4], [6, 6], [5, 5]], 3], "0011111/0011111": [[[7, 5], [6, 5], [6, 6]], 3], "0111111/0111111": [[[7, 6]], 1], "1111111/0111111": [[], 0], "0111111/0011111": [[[7, 5], [6, 6]], 2], "1111111/0011111": [[[7, 6]], 1], "0011111/0001111": [[[7, 4], [6, 4], [6, 6], [5, 5]], 2], "0111111/0001111": [[[7, 4], [6, 6], [6, 5]], 3], "1111111/0001111": [[[7, 6], [7, 5]], 1], "0001111/0000111": [[[7, 3], [6, 3], [5, 3], [6, 6], [5, 5], [4, 4]], 2], "0011111/0000111": [[[7, 3], [6, 3], [6, 6], [5, 5], [5, 4]], 3], "0111111/0000111": [[[7, 3], [6, 6], [6, 5], [6, 4]], 3], "1111111/0000111": [[[7, 6], [7, 5], [7, 4]], 1], "0000111/0000011": [[[7, 2], [6, 2], [5, 2], [4, 2], [6, 6], [5, 5], [4, 4], [3, 3]], 2], "0001111/0000011": [[[7, 2], [6, 2], [5, 2], [6, 6], [5, 5], [4, 4], [4, 3]], 3], "0011111/0000011": [[[7, 2], [6, 2], [6, 6], [5, 5], [5, 4], [5, 3]], 3], "0111111/0000011": [[[7, 2], [6, 6], [6, 5], [6, 4], [6, 3]], 3], "1111111/0000011": [[[7, 6], [7, 5], [7, 4], [7, 3]], 1], "0000011/0000001": [[[7, 1], [6, 1], [5, 1], [4, 1], [3, 1], [6, 6], [5, 5], [4, 4], [3, 3], [2, 2]], 2], "0000111/0000001": [[[7, 1], [6, 1], [5, 1], [4, 1], [6, 6], [5, 5], [4, 4], [3, 3], [3, 2]], 3], "0001111/0000001": [[[7, 1], [6, 1], [5, 1], [6, 6], [5, 5], [4, 4], [4, 3], [4, 2]], 3], "0011111/0000001": [[[7, 1], [6, 1], [6, 6], [5, 5], [5, 4], [5, 3], [5, 2]], 3], "0111111/0000001": [[[7, 1], [6, 6], [6, 5], [6, 4], [6, 3], [6, 2]], 3], "1111111/0000001": [[[7, 6], [7, 5], [7, 4], [7, 3], [7, 2]], 1]}, [[[false, false, false, false, false, false, true], [false, false, false, false, false, false, false]]]]