[[3, 3], {"000/000/000": [[[3, 0, 0], [2, 0, 0], [1, 0, 0], [3, 3, 0], [2, 2, 0], [1, 1, 0], [2, 2, 2], [1, 1, 1]], 3], "001/000/000": [[[3, 0, 0], [2, 0, 0], [3, 3, 0], [2, 2, 0], [1, 1, 0], [2, 2, 2], [1, 1, 1]], 3], "011/000/000": [[[3, 0, 0], [3, 3, 0], [2, 2, 0], [2, 1, 0], [2, 2, 2], [2, 1, 1]], 3], "111/000/000": [[[3, 3, 0], [3, 2, 0], [3, 1, 0], [3, 2, 2], [3, 1, 1]], 3], "001/001/000": [[[3, 1, 0], [2, 1, 0], [3, 3, 0], [2, 2, 0], [2, 2, 2], [1, 1, 1]], 3], "001/001/001": [[[3, 1, 1], [2, 1, 1], [3, 3, 1], [2, 2, 1], [2, 2, 2]], 3], "011/011/000": [[[3, 2, 0], [3, 3, 0], [2, 2, 2], [2, 2, 1]], 2], "011/011/011": [[[3, 2, 2], [3, 3, 2]], 1], "011/011/001": [[[3, 2, 1], [3, 3, 1], [2, 2, 2]], 3], "111/111/000": [[[3, 3, 2], [3, 3, 1]], 1], "111/111/011": [[], 0], "111/111/001": [[[3, 3, 2]], 1], "111/011/000": [[[3, 3, 0], [3, 2, 2], [3, 2, 1]], 3], "111/011/011": [[[3, 3, 2]], 1], "111/011/001": [[[3, 3, 1], [3, 2, 2]], 2], "011/001/000": [[[3, 1, 0], [3, 3, 0], [2, 2, 0], [2, 2, 2], [2, 1, 1]], 3], "011/001/001": [[[3, 1, 1], [3, 3, 1], [2, 2, 1], [2, 2, 2]], 2], "111/001/000": [[[3, 3, 0], [3, 2, 0], [3, 2, 2], [3, 1, 1]], 2], "111/001/001": [[[3, 3, 1], [3, 2, 1], [3, 2, 2]], 3]}, [[[false, true, true], [false, true, true], [false, false, false]]]]