[[3, 8], {"00000000/00000000/00000000": [[[8, 0, 0], [7, 0, 0], [6, 0, 0], [5, 0, 0], [4, 0, 0], [3, 0, 0], [2, 0, 0], [1, 0, 0], [8, 8, 0], [7, 7, 0], [6, 6, 0], [5, 5, 0], [4, 4, 0], [3, 3, 0], [2, 2, 0], [1, 1, 0], [7, 7, 7], [6, 6, 6], [5, 5, 5], [4, 4, 4], [3, 3, 3], [2, 2, 2], [1, 1, 1]], 3], "00000001/00000000/00000000": [[[8, 0, 0], [7, 0, 0], [6, 0, 0], [5, 0, 0], [4, 0, 0], [3, 0, 0], [2, 0, 0], [8, 8, 0], [7, 7, 0], [6, 6, 0], [5, 5, 0], [4, 4, 0], [3, 3, 0], [2, 2, 0], [1, 1, 0], [7, 7, 7], [6, 6, 6], [5, 5, 5], [4, 4, 4], [3, 3, 3], [2, 2, 2], [1, 1, 1]], 3], "00000011/00000000/00000000": [[[8, 0, 0], [7, 0, 0], [6, 0, 0], [5, 0, 0], [4, 0, 0], [3, 0, 0], [8, 8, 0], [7, 7, 0], [6, 6, 0], [5, 5, 0], [4, 4, 0], [3, 3, 0], [2, 2, 0], [2, 1, 0], [7, 7, 7], [6, 6, 6], [5, 5, 5], [4, 4, 4], [3, 3, 3], [2, 2, 2], [2, 1, 1]], 3], "00000111/00000000/00000000": [[[8, 0, 0], [7, 0, 0], [6, 0, 0], [5, 0, 0], [4, 0, 0], [8, 8, 0], [7, 7, 0], [6, 6, 0], [5, 5, 0], [4, 4, 0], [3, 3, 0], [3, 2, 0], [3, 1, 0], [7, 7, 7], [6, 6, 6], [5, 5, 5], [4, 4, 4], [3, 3, 3], [3, 2, 2], [3, 1, 1]], 3], "00001111/00000000/00000000": [[[8, 0, 0], [7, 0, 0], [6, 0, 0], [5, 0, 0], [8, 8, 0], [7, 7, 0], [6, 6, 0], [5, 5, 0], [4, 4, 0], [4, 3, 0], [4, 2, 0], [4, 1, 0], [7, 7, 7], [6, 6, 6], [5, 5, 5], [4, 4, 4], [4, 3, 3], [4, 2, 2], [4, 1, 1]], 3], "00011111/00000000/00000000": [[[8, 0, 0], [7, 0, 0], [6, 0, 0], [8, 8, 0], [7, 7, 0], [6, 6, 0], [5, 5, 0], [5, 4, 0], [5, 3, 0], [5, 2, 0], [5, 1, 0], [7, 7, 7], [6, 6, 6], [5, 5, 5], [5, 4, 4], [5, 3, 3], [5, 2, 2], [5, 1, 1]], 3], "00111111/00000000/00000000": [[[8, 0, 0], [7, 0, 0], [8, 8, 0], [7, 7, 0], [6, 6, 0], [6, 5, 0], [6, 4, 0], [6, 3, 0], [6, 2, 0], [6, 1, 0], [7, 7, 7], [6, 6, 6], [6, 5, 5], [6, 4, 4], [6, 3, 3], [6, 2, 2], [6, 1, 1]], 3], "01111111/00000000/00000000": [[[8, 0, 0], [8, 8, 0], [7, 7, 0], [7, 6, 0], [7, 5, 0], [7, 4, 0], [7, 3, 0], [7, 2, 0], [7, 1, 0], [7, 7, 7], [7, 6, 6], [7, 5, 5], [7, 4, 4], [7, 3, 3], [7, 2, 2], [7, 1, 1]], 3], "11111111/00000000/00000000": [[[8, 8, 0], [8, 7, 0], [8, 6, 0], [8, 5, 0], [8, 4, 0], [8, 3, 0], [8, 2, 0], [8, 1, 0], [8, 7, 7], [8, 6, 6], [8, 5, 5], [8, 4, 4], [8, 3, 3], [8, 2, 2], [8, 1, 1]], 3], "00000001/00000001/00000000": [[[8, 1, 0], [7, 1, 0], [6, 1, 0], [5, 1, 0], [4, 1, 0], [3, 1, 0], [2, 1, 0], [8, 8, 0], [7, 7, 0], [6, 6, 0], [5, 5, 0], [4, 4, 0], [3, 3, 0], [2, 2, 0], [7, 7, 7], [6, 6, 6], [5, 5, 5], [4, 4, 4], [3, 3, 3], [2, 2, 2], [1, 1, 1]], 3], "00000001/00000001/00000001": [[[8, 1, 1], [7, 1, 1], [6, 1, 1], [5, 1, 1], [4, 1, 1], [3, 1, 1], [2, 1, 1], [8, 8, 1], [7, 7, 1], [6, 6, 1], [5, 5, 1], [4, 4, 1], [3, 3, 1], [2, 2, 1], [7, 7, 7], [6, 6, 6], [5, 5, 5], [4, 4, 4], [3, 3, 3], [2, 2, 2]], 3], "00000011/00000011/00000000": [[[8, 2, 0], [7, 2, 0], [6, 2, 0], [5, 2, 0], [4, 2, 0], [3, 2, 0], [8, 8, 0], [7, 7, 0], [6, 6, 0], [5, 5, 0], [4, 4, 0], [3, 3, 0], [7, 7, 7], [6, 6, 6], [5, 5, 5], [4, 4, 4], [3, 3, 3], [2, 2, 2], [2, 2, 1]], 3], "00000011/00000011/00000011": [[[8, 2, 2], [7, 2, 2], [6, 2, 2], [5, 2, 2], [4, 2, 2], [3, 2, 2], [8, 8, 2], [7, 7, 2], [6, 6, 2], [5, 5, 2], [4, 4, 2], [3, 3, 2], [7, 7, 7], [6, 6, 6], [5, 5, 5], [4, 4, 4], [3, 3, 3]], 3], "00000011/00000011/00000001": [[[8, 2, 1], [7, 2, 1], [6, 2, 1], [5, 2, 1], [4, 2, 1], [3, 2, 1], [8, 8, 1], [7, 7, 1], [6, 6, 1], [5, 5, 1], [4, 4, 1], [3, 3, 1], [7, 7, 7], [6, 6, 6], [5, 5, 5], [4, 4, 4], [3, 3, 3], [2, 2, 2]], 3], "00000111/00000111/00000000": [[[8, 3, 0], [7, 3, 0], [6, 3, 0], [5, 3, 0], [4, 3, 0], [8, 8, 0], [7, 7, 0], [6, 6, 0], [5, 5, 0], [4, 4, 0], [7, 7, 7], [6, 6, 6], [5, 5, 5], [4, 4, 4], [3, 3, 3], [3, 3, 2], [3, 3, 1]], 3], "00001111/00000111/00000000": [[[8, 3, 0], [7, 3, 0], [6, 3, 0], [5, 3, 0], [8, 8, 0], [7, 7, 0], [6, 6, 0], [5, 5, 0], [4, 4, 0], [7, 7, 7], [6, 6, 6], [5, 5, 5], [4, 4, 4], [4, 3, 3], [4, 3, 2], [4, 3, 1]], 3], "00011111/00000111/00000000": [[[8, 3, 0], [7, 3, 0], [6, 3, 0], [8, 8, 0], [7, 7, 0], [6, 6, 0], [5, 5, 0], [5, 4, 0], [7, 7, 7], [6, 6, 6], [5, 5, 5], [5, 4, 4], [5, 3, 3], [5, 3, 2], [5, 3, 1]], 3], "00111111/00000111/00000000": [[[8, 3, 0], [7, 3, 0], [8, 8, 0], [7, 7, 0], [6, 6, 0], [6, 5, 0], [6, 4, 0], [7, 7, 7], [6, 6, 6], [6, 5, 5], [6, 4, 4], [6, 3, 3], [6, 3, 2], [6, 3, 1]], 3], "01111111/00000111/00000000": [[[8, 3, 0], [8, 8, 0], [7, 7, 0], [7, 6, 0], [7, 5, 0], [7, 4, 0], [7, 7, 7], [7, 6, 6], [7, 5, 5], [7, 4, 4], [7, 3, 3], [7, 3, 2], [7, 3, 1]], 3], "11111111/00000111/00000000": [[[8, 8, 0], [8, 7, 0], [8, 6, 0], [8, 5, 0], [8, 4, 0], [8, 7, 7], [8, 6, 6], [8, 5, 5], [8, 4, 4], [8, 3, 3], [8, 3, 2], [8, 3, 1]], 3], "00001111/00001111/00000000": [[[8, 4, 0], [7, 4, 0], [6, 4, 0], [5, 4, 0], [8, 8, 0], [7, 7, 0], [6, 6, 0], [5, 5, 0], [7, 7, 7], [6, 6, 6], [5, 5, 5], [4, 4, 4], [4, 4, 3], [4, 4, 2], [4, 4, 1]], 2], "00011111/00001111/00000000": [[[8, 4, 0], [7, 4, 0], [6, 4, 0], [8, 8, 0], [7, 7, 0], [6, 6, 0], [5, 5, 0], [7, 7, 7], [6, 6, 6], [5, 5, 5], [5, 4, 4], [5, 4, 3], [5, 4, 2], [5, 4, 1]], 3], "00111111/00001111/00000000": [[[8, 4, 0], [7, 4, 0], [8, 8, 0], [7, 7, 0], [6, 6, 0], [6, 5, 0], [7, 7, 7], [6, 6, 6], [6, 5, 5], [6, 4, 4], [6, 4, 3], [6, 4, 2], [6, 4, 1]], 3], "01111111/00001111/00000000": [[[8, 4, 0], [8, 8, 0], [7, 7, 0], [7, 6, 0], [7, 5, 0], [7, 7, 7], [7, 6, 6], [7, 5, 5], [7, 4, 4], [7, 4, 3], [7, 4, 2], [7, 4, 1]], 3], "11111111/00001111/00000000": [[[8, 8, 0], [8, 7, 0], [8, 6, 0], [8, 5, 0], [8, 7, 7], [8, 6, 6], [8, 5, 5], [8, 4, 4], [8, 4, 3], [8, 4, 2], [8, 4, 1]], 3], "00011111/00011111/00000000": [[[8, 5, 0], [7, 5, 0], [6, 5, 0], [8, 8, 0], [7, 7, 0], [6, 6, 0], [7, 7, 7], [6, 6, 6], [5, 5, 5], [5, 5, 4], [5, 5, 3], [5, 5, 2], [5, 5, 1]], 3], "00111111/00011111/00000000": [[[8, 5, 0], [7, 5, 0], [8, 8, 0], [7, 7, 0], [6, 6, 0], [7, 7, 7], [6, 6, 6], [6, 5, 5], [6, 5, 4], [6, 5, 3], [6, 5, 2], [6, 5, 1]], 3], "01111111/00011111/00000000": [[[8, 5, 0], [8, 8, 0], [7, 7, 0], [7, 6, 0], [7, 7, 7], [7, 6, 6], [7, 5, 5], [7, 5, 4], [7, 5, 3], [7, 5, 2], [7, 5, 1]], 3], "11111111/00011111/00000000": [[[8, 8, 0], [8, 7, 0], [8, 6, 0], [8, 7, 7], [8, 6, 6], [8, 5, 5], [8, 5, 4], [8, 5, 3], [8, 5, 2], [8, 5, 1]], 3], "00111111/00111111/00000000": [[[8, 6, 0], [7, 6, 0], [8, 8, 0], [7, 7, 0], [7, 7, 7], [6, 6, 6], [6, 6, 5], [6, 6, 4], [6, 6, 3], [6, 6, 2], [6, 6, 1]], 3], "01111111/00111111/00000000": [[[8, 6, 0], [8, 8, 0], [7, 7, 0], [7, 7, 7], [7, 6, 6], [7, 6, 5], [7, 6, 4], [7, 6, 3], [7, 6, 2], [7, 6, 1]], 3], "11111111/00111111/00000000": [[[8, 8, 0], [8, 7, 0], [8, 7, 7], [8, 6, 6], [8, 6, 5], [8, 6, 4], [8, 6, 3], [8, 6, 2], [8, 6, 1]], 3], "01111111/01111111/00000000": [[[8, 7, 0], [8, 8, 0], [7, 7, 7], [7, 7, 6], [7, 7, 5], [7, 7, 4], [7, 7, 3], [7, 7, 2], [7, 7, 1]], 3], "11111111/01111111/00000000": [[[8, 8, 0], [8, 7, 7], [8, 7, 6], [8, 7, 5], [8, 7, 4], [8, 7, 3], [8, 7, 2], [8, 7, 1]], 3], "11111111/11111111/00000000": [[[8, 8, 7], [8, 8, 6], [8, 8, 5], [8, 8, 4], [8, 8, 3], [8, 8, 2], [8, 8, 1]], 1], "00000111/00000111/00000111": [[[8, 3, 3], [7, 3, 3], [6, 3, 3], [5, 3, 3], [4, 3, 3], [8, 8, 3], [7, 7, 3], [6, 6, 3], [5, 5, 3], [4, 4, 3], [7, 7, 7], [6, 6, 6], [5, 5, 5], [4, 4, 4]], 3], "00001111/00000111/00000111": [[[8, 3, 3], [7, 3, 3], [6, 3, 3], [5, 3, 3], [8, 8, 3], [7, 7, 3], [6, 6, 3], [5, 5, 3], [4, 4, 3], [7, 7, 7], [6, 6, 6], [5, 5, 5], [4, 4, 4]], 3], "00011111/00000111/00000111": [[[8, 3, 3], [7, 3, 3], [6, 3, 3], [8, 8, 3], [7, 7, 3], [6, 6, 3], [5, 5, 3], [5, 4, 3], [7, 7, 7], [6, 6, 6], [5, 5, 5], [5, 4, 4]], 2], "00111111/00000111/00000111": [[[8, 3, 3], [7, 3, 3], [8, 8, 3], [7, 7, 3], [6, 6, 3], [6, 5, 3], [6, 4, 3], [7, 7, 7], [6, 6, 6], [6, 5, 5], [6, 4, 4]], 3], "01111111/00000111/00000111": [[[8, 3, 3], [8, 8, 3], [7, 7, 3], [7, 6, 3], [7, 5, 3], [7, 4, 3], [7, 7, 7], [7, 6, 6], [7, 5, 5], [7, 4, 4]], 3], "11111111/00000111/00000111": [[[8, 8, 3], [8, 7, 3], [8, 6, 3], [8, 5, 3], [8, 4, 3], [8, 7, 7], [8, 6, 6], [8, 5, 5], [8, 4, 4]], 3], "00001111/00001111/00001111": [[[8, 4, 4], [7, 4, 4], [6, 4, 4], [5, 4, 4], [8, 8, 4], [7, 7, 4], [6, 6, 4], [5, 5, 4], [7, 7, 7], [6, 6, 6], [5, 5, 5]], 3], "00011111/00001111/00001111": [[[8, 4, 4], [7, 4, 4], [6, 4, 4], [8, 8, 4], [7, 7, 4], [6, 6, 4], [5, 5, 4], [7, 7, 7], [6, 6, 6], [5, 5, 5]], 3], "00111111/00001111/00001111": [[[8, 4, 4], [7, 4, 4], [8, 8, 4], [7, 7, 4], [6, 6, 4], [6, 5, 4], [7, 7, 7], [6, 6, 6], [6, 5, 5]], 3], "01111111/00001111/00001111": [[[8, 4, 4], [8, 8, 4], [7, 7, 4], [7, 6, 4], [7, 5, 4], [7, 7, 7], [7, 6, 6], [7, 5, 5]], 3], "11111111/00001111/00001111": [[[8, 8, 4], [8, 7, 4], [8, 6, 4], [8, 5, 4], [8, 7, 7], [8, 6, 6], [8, 5, 5]], 3], "00011111/00011111/00011111": [[[8, 5, 5], [7, 5, 5], [6, 5, 5], [8, 8, 5], [7, 7, 5], [6, 6, 5], [7, 7, 7], [6, 6, 6]], 3], "00111111/00011111/00011111": [[[8, 5, 5], [7, 5, 5], [8, 8, 5], [7, 7, 5], [6, 6, 5], [7, 7, 7], [6, 6, 6]], 3], "01111111/00011111/00011111": [[[8, 5, 5], [8, 8, 5], [7, 7, 5], [7, 6, 5], [7, 7, 7], [7, 6, 6]], 3], "11111111/00011111/00011111": [[[8, 8, 5], [8, 7, 5], [8, 6, 5], [8, 7, 7], [8, 6, 6]], 3], "00111111/00111111/00111111": [[[8, 6, 6], [7, 6, 6], [8, 8, 6], [7, 7, 6], [7, 7, 7]], 3], "01111111/00111111/00111111": [[[8, 6, 6], [8, 8, 6], [7, 7, 6], [7, 7, 7]], 2], "11111111/00111111/00111111": [[[8, 8, 6], [8, 7, 6], [8, 7, 7]], 3], "01111111/01111111/01111111": [[[8, 7, 7], [8, 8, 7]], 1], "11111111/01111111/01111111": [[[8, 8, 7]], 1], "11111111/11111111/01111111": [[], 0], "01111111/01111111/00111111": [[[8, 7, 6], [8, 8, 6], [7, 7, 7]], 3], "11111111/01111111/00111111": [[[8, 8, 6], [8, 7, 7]], 2], "11111111/11111111/00111111": [[[8, 8, 7]], 1], "00111111/00111111/00011111": [[[8, 6, 5], [7, 6, 5], [8, 8, 5], [7, 7, 5], [7, 7, 7], [6, 6, 6]], 3], "01111111/00111111/00011111": [[[8, 6, 5], [8, 8, 5], [7, 7, 5], [7, 7, 7], [7, 6, 6]], 3], "11111111/00111111/00011111": [[[8, 8, 5], [8, 7, 5], [8, 7, 7], [8, 6, 6]], 2], "01111111/01111111/00011111": [[[8, 7, 5], [8, 8, 5], [7, 7, 7], [7, 7, 6]], 2], "11111111/01111111/00011111": [[[8, 8, 5], [8, 7, 7], [8, 7, 6]], 3], "11111111/11111111/00011111": [[[8, 8, 7], [8, 8, 6]], 1], "00011111/00011111/00001111": [[[8, 5, 4], [7, 5, 4], [6, 5, 4], [8, 8, 4], [7, 7, 4], [6, 6, 4], [7, 7, 7], [6, 6, 6], [5, 5, 5]], 3], "00111111/00011111/00001111": [[[8, 5, 4], [7, 5, 4], [8, 8, 4], [7, 7, 4], [6, 6, 4], [7, 7, 7], [6, 6, 6], [6, 5, 5]], 3], "01111111/00011111/00001111": [[[8, 5, 4], [8, 8, 4], [7, 7, 4], [7, 6, 4], [7, 7, 7], [7, 6, 6], [7, 5, 5]], 3], "11111111/00011111/00001111": [[[8, 8, 4], [8, 7, 4], [8, 6, 4], [8, 7, 7], [8, 6, 6], [8, 5, 5]], 2], "00111111/00111111/00001111": [[[8, 6, 4], [7, 6, 4], [8, 8, 4], [7, 7, 4], [7, 7, 7], [6, 6, 6], [6, 6, 5]], 2], "01111111/00111111/00001111": [[[8, 6, 4], [8, 8, 4], [7, 7, 4], [7, 7, 7], [7, 6, 6], [7, 6, 5]], 3], "11111111/00111111/00001111": [[[8, 8, 4], [8, 7, 4], [8, 7, 7], [8, 6, 6], [8, 6, 5]], 3], "01111111/01111111/00001111": [[[8, 7, 4], [8, 8, 4], [7, 7, 7], [7, 7, 6], [7, 7, 5]], 3], "11111111/01111111/00001111": [[[8, 8, 4], [8, 7, 7], [8, 7, 6], [8, 7, 5]], 3], "11111111/11111111/00001111": [[[8, 8, 7], [8, 8, 6], [8, 8, 5]], 1], "00001111/00001111/00000111": [[[8, 4, 3], [7, 4, 3], [6, 4, 3], [5, 4, 3], [8, 8, 3], [7, 7, 3], [6, 6, 3], [5, 5, 3], [7, 7, 7], [6, 6, 6], [5, 5, 5], [4, 4, 4]], 3], "00011111/00001111/00000111": [[[8, 4, 3], [7, 4, 3], [6, 4, 3], [8, 8, 3], [7, 7, 3], [6, 6, 3], [5, 5, 3], [7, 7, 7], [6, 6, 6], [5, 5, 5], [5, 4, 4]], 3], "00111111/00001111/00000111": [[[8, 4, 3], [7, 4, 3], [8, 8, 3], [7, 7, 3], [6, 6, 3], [6, 5, 3], [7, 7, 7], [6, 6, 6], [6, 5, 5], [6, 4, 4]], 3], "01111111/00001111/00000111": [[[8, 4, 3], [8, 8, 3], [7, 7, 3], [7, 6, 3], [7, 5, 3], [7, 7, 7], [7, 6, 6], [7, 5, 5], [7, 4, 4]], 3], "11111111/00001111/00000111": [[[8, 8, 3], [8, 7, 3], [8, 6, 3], [8, 5, 3], [8, 7, 7], [8, 6, 6], [8, 5, 5], [8, 4, 4]], 2], "00011111/00011111/00000111": [[[8, 5, 3], [7, 5, 3], [6, 5, 3], [8, 8, 3], [7, 7, 3], [6, 6, 3], [7, 7, 7], [6, 6, 6], [5, 5, 5], [5, 5, 4]], 3], "00111111/00011111/00000111": [[[8, 5, 3], [7, 5, 3], [8, 8, 3], [7, 7, 3], [6, 6, 3], [7, 7, 7], [6, 6, 6], [6, 5, 5], [6, 5, 4]], 2], "01111111/00011111/00000111": [[[8, 5, 3], [8, 8, 3], [7, 7, 3], [7, 6, 3], [7, 7, 7], [7, 6, 6], [7, 5, 5], [7, 5, 4]], 3], "11111111/00011111/00000111": [[[8, 8, 3], [8, 7, 3], [8, 6, 3], [8, 7, 7], [8, 6, 6], [8, 5, 5], [8, 5, 4]], 3], "00111111/00111111/00000111": [[[8, 6, 3], [7, 6, 3], [8, 8, 3], [7, 7, 3], [7, 7, 7], [6, 6, 6], [6, 6, 5], [6, 6, 4]], 3], "01111111/00111111/00000111": [[[8, 6, 3], [8, 8, 3], [7, 7, 3], [7, 7, 7], [7, 6, 6], [7, 6, 5], [7, 6, 4]], 3], "11111111/00111111/00000111": [[[8, 8, 3], [8, 7, 3], [8, 7, 7], [8, 6, 6], [8, 6, 5], [8, 6, 4]], 3], "01111111/01111111/00000111": [[[8, 7, 3], [8, 8, 3], [7, 7, 7], [7, 7, 6], [7, 7, 5], [7, 7, 4]], 3], "11111111/01111111/00000111": [[[8, 8, 3], [8, 7, 7], [8, 7, 6], [8, 7, 5], [8, 7, 4]], 3], "11111111/11111111/00000111": [[[8, 8, 7], [8, 8, 6], [8, 8, 5], [8, 8, 4]], 1], "00000111/00000111/00000011": [[[8, 3, 2], [7, 3, 2], [6, 3, 2], [5, 3, 2], [4, 3, 2], [8, 8, 2], [7, 7, 2], [6, 6, 2], [5, 5, 2], [4, 4, 2], [7, 7, 7], [6, 6, 6], [5, 5, 5], [4, 4, 4], [3, 3, 3]], 3], "00001111/00000111/00000011": [[[8, 3, 2], [7, 3, 2], [6, 3, 2], [5, 3, 2], [8, 8, 2], [7, 7, 2], [6, 6, 2], [5, 5, 2], [4, 4, 2], [7, 7, 7], [6, 6, 6], [5, 5, 5], [4, 4, 4], [4, 3, 3]], 3], "00011111/00000111/00000011": [[[8, 3, 2], [7, 3, 2], [6, 3, 2], [8, 8, 2], [7, 7, 2], [6, 6, 2], [5, 5, 2], [5, 4, 2], [7, 7, 7], [6, 6, 6], [5, 5, 5], [5, 4, 4], [5, 3, 3]], 3], "00111111/00000111/00000011": [[[8, 3, 2], [7, 3, 2], [8, 8, 2], [7, 7, 2], [6, 6, 2], [6, 5, 2], [6, 4, 2], [7, 7, 7], [6, 6, 6], [6, 5, 5], [6, 4, 4], [6, 3, 3]], 3], "01111111/00000111/00000011": [[[8, 3, 2], [8, 8, 2], [7, 7, 2], [7, 6, 2], [7, 5, 2], [7, 4, 2], [7, 7, 7], [7, 6, 6], [7, 5, 5], [7, 4, 4], [7, 3, 3]], 3], "11111111/00000111/00000011": [[[8, 8, 2], [8, 7, 2], [8, 6, 2], [8, 5, 2], [8, 4, 2], [8, 7, 7], [8, 6, 6], [8, 5, 5], [8, 4, 4], [8, 3, 3]], 2], "00001111/00001111/00000011": [[[8, 4, 2], [7, 4, 2], [6, 4, 2], [5, 4, 2], [8, 8, 2], [7, 7, 2], [6, 6, 2], [5, 5, 2], [7, 7, 7], [6, 6, 6], [5, 5, 5], [4, 4, 4], [4, 4, 3]], 3], "00011111/00001111/00000011": [[[8, 4, 2], [7, 4, 2], [6, 4, 2], [8, 8, 2], [7, 7, 2], [6, 6, 2], [5, 5, 2], [7, 7, 7], [6, 6, 6], [5, 5, 5], [5, 4, 4], [5, 4, 3]], 3], "00111111/00001111/00000011": [[[8, 4, 2], [7, 4, 2], [8, 8, 2], [7, 7, 2], [6, 6, 2], [6, 5, 2], [7, 7, 7], [6, 6, 6], [6, 5, 5], [6, 4, 4], [6, 4, 3]], 2], "01111111/00001111/00000011": [[[8, 4, 2], [8, 8, 2], [7, 7, 2], [7, 6, 2], [7, 5, 2], [7, 7, 7], [7, 6, 6], [7, 5, 5], [7, 4, 4], [7, 4, 3]], 3], "11111111/00001111/00000011": [[[8, 8, 2], [8, 7, 2], [8, 6, 2], [8, 5, 2], [8, 7, 7], [8, 6, 6], [8, 5, 5], [8, 4, 4], [8, 4, 3]], 3], "00011111/00011111/00000011": [[[8, 5, 2], [7, 5, 2], [6, 5, 2], [8, 8, 2], [7, 7, 2], [6, 6, 2], [7, 7, 7], [6, 6, 6], [5, 5, 5], [5, 5, 4], [5, 5, 3]], 2], "00111111/00011111/00000011": [[[8, 5, 2], [7, 5, 2], [8, 8, 2], [7, 7, 2], [6, 6, 2], [7, 7, 7], [6, 6, 6], [6, 5, 5], [6, 5, 4], [6, 5, 3]], 3], "01111111/00011111/00000011": [[[8, 5, 2], [8, 8, 2], [7, 7, 2], [7, 6, 2], [7, 7, 7], [7, 6, 6], [7, 5, 5], [7, 5, 4], [7, 5, 3]], 3], "11111111/00011111/00000011": [[[8, 8, 2], [8, 7, 2], [8, 6, 2], [8, 7, 7], [8, 6, 6], [8, 5, 5], [8, 5, 4], [8, 5, 3]], 3], "00111111/00111111/00000011": [[[8, 6, 2], [7, 6, 2], [8, 8, 2], [7, 7, 2], [7, 7, 7], [6, 6, 6], [6, 6, 5], [6, 6, 4], [6, 6, 3]], 3], "01111111/00111111/00000011": [[[8, 6, 2], [8, 8, 2], [7, 7, 2], [7, 7, 7], [7, 6, 6], [7, 6, 5], [7, 6, 4], [7, 6, 3]], 3], "11111111/00111111/00000011": [[[8, 8, 2], [8, 7, 2], [8, 7, 7], [8, 6, 6], [8, 6, 5], [8, 6, 4], [8, 6, 3]], 3], "01111111/01111111/00000011": [[[8, 7, 2], [8, 8, 2], [7, 7, 7], [7, 7, 6], [7, 7, 5], [7, 7, 4], [7, 7, 3]], 3], "11111111/01111111/00000011": [[[8, 8, 2], [8, 7, 7], [8, 7, 6], [8, 7, 5], [8, 7, 4], [8, 7, 3]], 3], "11111111/11111111/00000011": [[[8, 8, 7], [8, 8, 6], [8, 8, 5], [8, 8, 4], [8, 8, 3]], 1], "00000111/00000111/00000001": [[[8, 3, 1], [7, 3, 1], [6, 3, 1], [5, 3, 1], [4, 3, 1], [8, 8, 1], [7, 7, 1], [6, 6, 1], [5, 5, 1], [4, 4, 1], [7, 7, 7], [6, 6, 6], [5, 5, 5], [4, 4, 4], [3, 3, 3], [3, 3, 2]], 3], "00001111/00000111/00000001": [[[8, 3, 1], [7, 3, 1], [6, 3, 1], [5, 3, 1], [8, 8, 1], [7, 7, 1], [6, 6, 1], [5, 5, 1], [4, 4, 1], [7, 7, 7], [6, 6, 6], [5, 5, 5], [4, 4, 4], [4, 3, 3], [4, 3, 2]], 3], "00011111/00000111/00000001": [[[8, 3, 1], [7, 3, 1], [6, 3, 1], [8, 8, 1], [7, 7, 1], [6, 6, 1], [5, 5, 1], [5, 4, 1], [7, 7, 7], [6, 6, 6], [5, 5, 5], [5, 4, 4], [5, 3, 3], [5, 3, 2]], 3], "00111111/00000111/00000001": [[[8, 3, 1], [7, 3, 1], [8, 8, 1], [7, 7, 1], [6, 6, 1], [6, 5, 1], [6, 4, 1], [7, 7, 7], [6, 6, 6], [6, 5, 5], [6, 4, 4], [6, 3, 3], [6, 3, 2]], 2], "01111111/00000111/00000001": [[[8, 3, 1], [8, 8, 1], [7, 7, 1], [7, 6, 1], [7, 5, 1], [7, 4, 1], [7, 7, 7], [7, 6, 6], [7, 5, 5], [7, 4, 4], [7, 3, 3], [7, 3, 2]], 3], "11111111/00000111/00000001": [[[8, 8, 1], [8, 7, 1], [8, 6, 1], [8, 5, 1], [8, 4, 1], [8, 7, 7], [8, 6, 6], [8, 5, 5], [8, 4, 4], [8, 3, 3], [8, 3, 2]], 3], "00001111/00001111/00000001": [[[8, 4, 1], [7, 4, 1], [6, 4, 1], [5, 4, 1], [8, 8, 1], [7, 7, 1], [6, 6, 1], [5, 5, 1], [7, 7, 7], [6, 6, 6], [5, 5, 5], [4, 4, 4], [4, 4, 3], [4, 4, 2]], 3], "00011111/00001111/00000001": [[[8, 4, 1], [7, 4, 1], [6, 4, 1], [8, 8, 1], [7, 7, 1], [6, 6, 1], [5, 5, 1], [7, 7, 7], [6, 6, 6], [5, 5, 5], [5, 4, 4], [5, 4, 3], [5, 4, 2]], 2], "00111111/00001111/00000001": [[[8, 4, 1], [7, 4, 1], [8, 8, 1], [7, 7, 1], [6, 6, 1], [6, 5, 1], [7, 7, 7], [6, 6, 6], [6, 5, 5], [6, 4, 4], [6, 4, 3], [6, 4, 2]], 3], "01111111/00001111/00000001": [[[8, 4, 1], [8, 8, 1], [7, 7, 1], [7, 6, 1], [7, 5, 1], [7, 7, 7], [7, 6, 6], [7, 5, 5], [7, 4, 4], [7, 4, 3], [7, 4, 2]], 3], "11111111/00001111/00000001": [[[8, 8, 1], [8, 7, 1], [8, 6, 1], [8, 5, 1], [8, 7, 7], [8, 6, 6], [8, 5, 5], [8, 4, 4], [8, 4, 3], [8, 4, 2]], 3], "00011111/00011111/00000001": [[[8, 5, 1], [7, 5, 1], [6, 5, 1], [8, 8, 1], [7, 7, 1], [6, 6, 1], [7, 7, 7], [6, 6, 6], [5, 5, 5], [5, 5, 4], [5, 5, 3], [5, 5, 2]], 3], "00111111/00011111/00000001": [[[8, 5, 1], [7, 5, 1], [8, 8, 1], [7, 7, 1], [6, 6, 1], [7, 7, 7], [6, 6, 6], [6, 5, 5], [6, 5, 4], [6, 5, 3], [6, 5, 2]], 3], "01111111/00011111/00000001": [[[8, 5, 1], [8, 8, 1], [7, 7, 1], [7, 6, 1], [7, 7, 7], [7, 6, 6], [7, 5, 5], [7, 5, 4], [7, 5, 3], [7, 5, 2]], 3], "11111111/00011111/00000001": [[[8, 8, 1], [8, 7, 1], [8, 6, 1], [8, 7, 7], [8, 6, 6], [8, 5, 5], [8, 5, 4], [8, 5, 3], [8, 5, 2]], 3], "00111111/00111111/00000001": [[[8, 6, 1], [7, 6, 1], [8, 8, 1], [7, 7, 1], [7, 7, 7], [6, 6, 6], [6, 6, 5], [6, 6, 4], [6, 6, 3], [6, 6, 2]], 3], "01111111/00111111/00000001": [[[8, 6, 1], [8, 8, 1], [7, 7, 1], [7, 7, 7], [7, 6, 6], [7, 6, 5], [7, 6, 4], [7, 6, 3], [7, 6, 2]], 3], "11111111/00111111/00000001": [[[8, 8, 1], [8, 7, 1], [8, 7, 7], [8, 6, 6], [8, 6, 5], [8, 6, 4], [8, 6, 3], [8, 6, 2]], 3], "01111111/01111111/00000001": [[[8, 7, 1], [8, 8, 1], [7, 7, 7], [7, 7, 6], [7, 7, 5], [7, 7, 4], [7, 7, 3], [7, 7, 2]], 3], "11111111/01111111/00000001": [[[8, 8, 1], [8, 7, 7], [8, 7, 6], [8, 7, 5], [8, 7, 4], [8, 7, 3], [8, 7, 2]], 3], "11111111/11111111/00000001": [[[8, 8, 7], [8, 8, 6], [8, 8, 5], [8, 8, 4], [8, 8, 3], [8, 8, 2]], 1], "00000111/00000011/00000000": [[[8, 2, 0], [7, 2, 0], [6, 2, 0], [5, 2, 0], [4, 2, 0], [8, 8, 0], [7, 7, 0], [6, 6, 0], [5, 5, 0], [4, 4, 0], [3, 3, 0], [7, 7, 7], [6, 6, 6], [5, 5, 5], [4, 4, 4], [3, 3, 3], [3, 2, 2], [3, 2, 1]], 3], "00001111/00000011/00000000": [[[8, 2, 0], [7, 2, 0], [6, 2, 0], [5, 2, 0], [8, 8, 0], [7, 7, 0], [6, 6, 0], [5, 5, 0], [4, 4, 0], [4, 3, 0], [7, 7, 7], [6, 6, 6], [5, 5, 5], [4, 4, 4], [4, 3, 3], [4, 2, 2], [4, 2, 1]], 3], "00011111/00000011/00000000": [[[8, 2, 0], [7, 2, 0], [6, 2, 0], [8, 8, 0], [7, 7, 0], [6, 6, 0], [5, 5, 0], [5, 4, 0], [5, 3, 0], [7, 7, 7], [6, 6, 6], [5, 5, 5], [5, 4, 4], [5, 3, 3], [5, 2, 2], [5, 2, 1]], 3], "00111111/00000011/00000000": [[[8, 2, 0], [7, 2, 0], [8, 8, 0], [7, 7, 0], [6, 6, 0], [6, 5, 0], [6, 4, 0], [6, 3, 0], [7, 7, 7], [6, 6, 6], [6, 5, 5], [6, 4, 4], [6, 3, 3], [6, 2, 2], [6, 2, 1]], 2], "01111111/00000011/00000000": [[[8, 2, 0], [8, 8, 0], [7, 7, 0], [7, 6, 0], [7, 5, 0], [7, 4, 0], [7, 3, 0], [7, 7, 7], [7, 6, 6], [7, 5, 5], [7, 4, 4], [7, 3, 3], [7, 2, 2], [7, 2, 1]], 3], "11111111/00000011/00000000": [[[8, 8, 0], [8, 7, 0], [8, 6, 0], [8, 5, 0], [8, 4, 0], [8, 3, 0], [8, 7, 7], [8, 6, 6], [8, 5, 5], [8, 4, 4], [8, 3, 3], [8, 2, 2], [8, 2, 1]], 3], "00000111/00000011/00000011": [[[8, 2, 2], [7, 2, 2], [6, 2, 2], [5, 2, 2], [4, 2, 2], [8, 8, 2], [7, 7, 2], [6, 6, 2], [5, 5, 2], [4, 4, 2], [3, 3, 2], [7, 7, 7], [6, 6, 6], [5, 5, 5], [4, 4, 4], [3, 3, 3]], 3], "00001111/00000011/00000011": [[[8, 2, 2], [7, 2, 2], [6, 2, 2], [5, 2, 2], [8, 8, 2], [7, 7, 2], [6, 6, 2], [5, 5, 2], [4, 4, 2], [4, 3, 2], [7, 7, 7], [6, 6, 6], [5, 5, 5], [4, 4, 4], [4, 3, 3]], 3], "00011111/00000011/00000011": [[[8, 2, 2], [7, 2, 2], [6, 2, 2], [8, 8, 2], [7, 7, 2], [6, 6, 2], [5, 5, 2], [5, 4, 2], [5, 3, 2], [7, 7, 7], [6, 6, 6], [5, 5, 5], [5, 4, 4], [5, 3, 3]], 3], "00111111/00000011/00000011": [[[8, 2, 2], [7, 2, 2], [8, 8, 2], [7, 7, 2], [6, 6, 2], [6, 5, 2], [6, 4, 2], [6, 3, 2], [7, 7, 7], [6, 6, 6], [6, 5, 5], [6, 4, 4], [6, 3, 3]], 3], "01111111/00000011/00000011": [[[8, 2, 2], [8, 8, 2], [7, 7, 2], [7, 6, 2], [7, 5, 2], [7, 4, 2], [7, 3, 2], [7, 7, 7], [7, 6, 6], [7, 5, 5], [7, 4, 4], [7, 3, 3]], 3], "11111111/00000011/00000011": [[[8, 8, 2], [8, 7, 2], [8, 6, 2], [8, 5, 2], [8, 4, 2], [8, 3, 2], [8, 7, 7], [8, 6, 6], [8, 5, 5], [8, 4, 4], [8, 3, 3]], 3], "00000111/00000011/00000001": [[[8, 2, 1], [7, 2, 1], [6, 2, 1], [5, 2, 1], [4, 2, 1], [8, 8, 1], [7, 7, 1], [6, 6, 1], [5, 5, 1], [4, 4, 1], [3, 3, 1], [7, 7, 7], [6, 6, 6], [5, 5, 5], [4, 4, 4], [3, 3, 3], [3, 2, 2]], 3], "00001111/00000011/00000001": [[[8, 2, 1], [7, 2, 1], [6, 2, 1], [5, 2, 1], [8, 8, 1], [7, 7, 1], [6, 6, 1], [5, 5, 1], [4, 4, 1], [4, 3, 1], [7, 7, 7], [6, 6, 6], [5, 5, 5], [4, 4, 4], [4, 3, 3], [4, 2, 2]], 3], "00011111/00000011/00000001": [[[8, 2, 1], [7, 2, 1], [6, 2, 1], [8, 8, 1], [7, 7, 1], [6, 6, 1], [5, 5, 1], [5, 4, 1], [5, 3, 1], [7, 7, 7], [6, 6, 6], [5, 5, 5], [5, 4, 4], [5, 3, 3], [5, 2, 2]], 3], "00111111/00000011/00000001": [[[8, 2, 1], [7, 2, 1], [8, 8, 1], [7, 7, 1], [6, 6, 1], [6, 5, 1], [6, 4, 1], [6, 3, 1], [7, 7, 7], [6, 6, 6], [6, 5, 5], [6, 4, 4], [6, 3, 3], [6, 2, 2]], 3], "01111111/00000011/00000001": [[[8, 2, 1], [8, 8, 1], [7, 7, 1], [7, 6, 1], [7, 5, 1], [7, 4, 1], [7, 3, 1], [7, 7, 7], [7, 6, 6], [7, 5, 5], [7, 4, 4], [7, 3, 3], [7, 2, 2]], 3], "11111111/00000011/00000001": [[[8, 8, 1], [8, 7, 1], [8, 6, 1], [8, 5, 1], [8, 4, 1], [8, 3, 1], [8, 7, 7], [8, 6, 6], [8, 5, 5], [8, 4, 4], [8, 3, 3], [8, 2, 2]], 2], "00000011/00000001/00000000": [[[8, 1, 0], [7, 1, 0], [6, 1, 0], [5, 1, 0], [4, 1, 0], [3, 1, 0], [8, 8, 0], [7, 7, 0], [6, 6, 0], [5, 5, 0], [4, 4, 0], [3, 3, 0], [2, 2, 0], [7, 7, 7], [6, 6, 6], [5, 5, 5], [4, 4, 4], [3, 3, 3], [2, 2, 2], [2, 1, 1]], 3], "00000011/00000001/00000001": [[[8, 1, 1], [7, 1, 1], [6, 1, 1], [5, 1, 1], [4, 1, 1], [3, 1, 1], [8, 8, 1], [7, 7, 1], [6, 6, 1], [5, 5, 1], [4, 4, 1], [3, 3, 1], [2, 2, 1], [7, 7, 7], [6, 6, 6], [5, 5, 5], [4, 4, 4], [3, 3, 3], [2, 2, 2]], 3], "00000111/00000001/00000000": [[[8, 1, 0], [7, 1, 0], [6, 1, 0], [5, 1, 0], [4, 1, 0], [8, 8, 0], [7, 7, 0], [6, 6, 0], [5, 5, 0], [4, 4, 0], [3, 3, 0], [3, 2, 0], [7, 7, 7], [6, 6, 6], [5, 5, 5], [4, 4, 4], [3, 3, 3], [3, 2, 2], [3, 1, 1]], 3], "00001111/00000001/00000000": [[[8, 1, 0], [7, 1, 0], [6, 1, 0], [5, 1, 0], [8, 8, 0], [7, 7, 0], [6, 6, 0], [5, 5, 0], [4, 4, 0], [4, 3, 0], [4, 2, 0], [7, 7, 7], [6, 6, 6], [5, 5, 5], [4, 4, 4], [4, 3, 3], [4, 2, 2], [4, 1, 1]], 3], "00011111/00000001/00000000": [[[8, 1, 0], [7, 1, 0], [6, 1, 0], [8, 8, 0], [7, 7, 0], [6, 6, 0], [5, 5, 0], [5, 4, 0], [5, 3, 0], [5, 2, 0], [7, 7, 7], [6, 6, 6], [5, 5, 5], [5, 4, 4], [5, 3, 3], [5, 2, 2], [5, 1, 1]], 3], "00111111/00000001/00000000": [[[8, 1, 0], [7, 1, 0], [8, 8, 0], [7, 7, 0], [6, 6, 0], [6, 5, 0], [6, 4, 0], [6, 3, 0], [6, 2, 0], [7, 7, 7], [6, 6, 6], [6, 5, 5], [6, 4, 4], [6, 3, 3], [6, 2, 2], [6, 1, 1]], 3], "01111111/00000001/00000000": [[[8, 1, 0], [8, 8, 0], [7, 7, 0], [7, 6, 0], [7, 5, 0], [7, 4, 0], [7, 3, 0], [7, 2, 0], [7, 7, 7], [7, 6, 6], [7, 5, 5], [7, 4, 4], [7, 3, 3], [7, 2, 2], [7, 1, 1]], 3], "11111111/00000001/00000000": [[[8, 8, 0], [8, 7, 0], [8, 6, 0], [8, 5, 0], [8, 4, 0], [8, 3, 0], [8, 2, 0], [8, 7, 7], [8, 6, 6], [8, 5, 5], [8, 4, 4], [8, 3, 3], [8, 2, 2], [8, 1, 1]], 2], "00000111/00000001/00000001": [[[8, 1, 1], [7, 1, 1], [6, 1, 1], [5, 1, 1], [4, 1, 1], [8, 8, 1], [7, 7, 1], [6, 6, 1], [5, 5, 1], [4, 4, 1], [3, 3, 1], [3, 2, 1], [7, 7, 7], [6, 6, 6], [5, 5, 5], [4, 4, 4], [3, 3, 3], [3, 2, 2]], 3], "00001111/00000001/00000001": [[[8, 1, 1], [7, 1, 1], [6, 1, 1], [5, 1, 1], [8, 8, 1], [7, 7, 1], [6, 6, 1], [5, 5, 1], [4, 4, 1], [4, 3, 1], [4, 2, 1], [7, 7, 7], [6, 6, 6], [5, 5, 5], [4, 4, 4], [4, 3, 3], [4, 2, 2]], 2], "00011111/00000001/00000001": [[[8, 1, 1], [7, 1, 1], [6, 1, 1], [8, 8, 1], [7, 7, 1], [6, 6, 1], [5, 5, 1], [5, 4, 1], [5, 3, 1], [5, 2, 1], [7, 7, 7], [6, 6, 6], [5, 5, 5], [5, 4, 4], [5, 3, 3], [5, 2, 2]], 3], "00111111/00000001/00000001": [[[8, 1, 1], [7, 1, 1], [8, 8, 1], [7, 7, 1], [6, 6, 1], [6, 5, 1], [6, 4, 1], [6, 3, 1], [6, 2, 1], [7, 7, 7], [6, 6, 6], [6, 5, 5], [6, 4, 4], [6, 3, 3], [6, 2, 2]], 3], "01111111/00000001/00000001": [[[8, 1, 1], [8, 8, 1], [7, 7, 1], [7, 6, 1], [7, 5, 1], [7, 4, 1], [7, 3, 1], [7, 2, 1], [7, 7, 7], [7, 6, 6], [7, 5, 5], [7, 4, 4], [7, 3, 3], [7, 2, 2]], 3], "11111111/00000001/00000001": [[[8, 8, 1], [8, 7, 1], [8, 6, 1], [8, 5, 1], [8, 4, 1], [8, 3, 1], [8, 2, 1], [8, 7, 7], [8, 6, 6], [8, 5, 5], [8, 4, 4], [8, 3, 3], [8, 2, 2]], 3]}, [[[false, false, false, false, true, true, true, true], [false, false, false, false, true, true, true, true], [false, false, false, false, false, false, false, false]]]]