[[4, 6], {"000000/000000/000000/000000": [[[6, 0, 0, 0], [5, 0, 0, 0], [4, 0, 0, 0], [3, 0, 0, 0], [2, 0, 0, 0], [1, 0, 0, 0], [6, 6, 0, 0], [5, 5, 0, 0], [4, 4, 0, 0], [3, 3, 0, 0], [2, 2, 0, 0], [1, 1, 0, 0], [6, 6, 6, 0], [5, 5, 5, 0], [4, 4, 4, 0], [3, 3, 3, 0], [2, 2, 2, 0], [1, 1, 1, 0], [5, 5, 5, 5], [4, 4, 4, 4], [3, 3, 3, 3], [2, 2, 2, 2], [1, 1, 1, 1]], 3], "000001/000000/000000/000000": [[[6, 0, 0, 0], [5, 0, 0, 0], [4, 0, 0, 0], [3, 0, 0, 0], [2, 0, 0, 0], [6, 6, 0, 0], [5, 5, 0, 0], [4, 4, 0, 0], [3, 3, 0, 0], [2, 2, 0, 0], [1, 1, 0, 0], [6, 6, 6, 0], [5, 5, 5, 0], [4, 4, 4, 0], [3, 3, 3, 0], [2, 2, 2, 0], [1, 1, 1, 0], [5, 5, 5, 5], [4, 4, 4, 4], [3, 3, 3, 3], [2, 2, 2, 2], [1, 1, 1, 1]], 3], "000011/000000/000000/000000": [[[6, 0, 0, 0], [5, 0, 0, 0], [4, 0, 0, 0], [3, 0, 0, 0], [6, 6, 0, 0], [5, 5, 0, 0], [4, 4, 0, 0], [3, 3, 0, 0], [2, 2, 0, 0], [2, 1, 0, 0], [6, 6, 6, 0], [5, 5, 5, 0], [4, 4, 4, 0], [3, 3, 3, 0], [2, 2, 2, 0], [2, 1, 1, 0], [5, 5, 5, 5], [4, 4, 4, 4], [3, 3, 3, 3], [2, 2, 2, 2], [2, 1, 1, 1]], 3], "000111/000000/000000/000000": [[[6, 0, 0, 0], [5, 0, 0, 0], [4, 0, 0, 0], [6, 6, 0, 0], [5, 5, 0, 0], [4, 4, 0, 0], [3, 3, 0, 0], [3, 2, 0, 0], [3, 1, 0, 0], [6, 6, 6, 0], [5, 5, 5, 0], [4, 4, 4, 0], [3, 3, 3, 0], [3, 2, 2, 0], [3, 1, 1, 0], [5, 5, 5, 5], [4, 4, 4, 4], [3, 3, 3, 3], [3, 2, 2, 2], [3, 1, 1, 1]], 3], "001111/000000/000000/000000": [[[6, 0, 0, 0], [5, 0, 0, 0], [6, 6, 0, 0], [5, 5, 0, 0], [4, 4, 0, 0], [4, 3, 0, 0], [4, 2, 0, 0], [4, 1, 0, 0], [6, 6, 6, 0], [5, 5, 5, 0], [4, 4, 4, 0], [4, 3, 3, 0], [4, 2, 2, 0], [4, 1, 1, 0], [5, 5, 5, 5], [4, 4, 4, 4], [4, 3, 3, 3], [4, 2, 2, 2], [4, 1, 1, 1]], 3], "011111/000000/000000/000000": [[[6, 0, 0, 0], [6, 6, 0, 0], [5, 5, 0, 0], [5, 4, 0, 0], [5, 3, 0, 0], [5, 2, 0, 0], [5, 1, 0, 0], [6, 6, 6, 0], [5, 5, 5, 0], [5, 4, 4, 0], [5, 3, 3, 0], [5, 2, 2, 0], [5, 1, 1, 0], [5, 5, 5, 5], [5, 4, 4, 4], [5, 3, 3, 3], [5, 2, 2, 2], [5, 1, 1, 1]], 3], "111111/000000/000000/000000": [[[6, 6, 0, 0], [6, 5, 0, 0], [6, 4, 0, 0], [6, 3, 0, 0], [6, 2, 0, 0], [6, 1, 0, 0], [6, 6, 6, 0], [6, 5, 5, 0], [6, 4, 4, 0], [6, 3, 3, 0], [6, 2, 2, 0], [6, 1, 1, 0], [6, 5, 5, 5], [6, 4, 4, 4], [6, 3, 3, 3], [6, 2, 2, 2], [6, 1, 1, 1]], 3], "000001/000001/000000/000000": [[[6, 1, 0, 0], [5, 1, 0, 0], [4, 1, 0, 0], [3, 1, 0, 0], [2, 1, 0, 0], [6, 6, 0, 0], [5, 5, 0, 0], [4, 4, 0, 0], [3, 3, 0, 0], [2, 2, 0, 0], [6, 6, 6, 0], [5, 5, 5, 0], [4, 4, 4, 0], [3, 3, 3, 0], [2, 2, 2, 0], [1, 1, 1, 0], [5, 5, 5, 5], [4, 4, 4, 4], [3, 3, 3, 3], [2, 2, 2, 2], [1, 1, 1, 1]], 3], "000001/000001/000001/000000": [[[6, 1, 1, 0], [5, 1, 1, 0], [4, 1, 1, 0], [3, 1, 1, 0], [2, 1, 1, 0], [6, 6, 1, 0], [5, 5, 1, 0], [4, 4, 1, 0], [3, 3, 1, 0], [2, 2, 1, 0], [6, 6, 6, 0], [5, 5, 5, 0], [4, 4, 4, 0], [3, 3, 3, 0], [2, 2, 2, 0], [5, 5, 5, 5], [4, 4, 4, 4], [3, 3, 3, 3], [2, 2, 2, 2], [1, 1, 1, 1]], 3], "000001/000001/000001/000001": [[[6, 1, 1, 1], [5, 1, 1, 1], [4, 1, 1, 1], [3, 1, 1, 1], [2, 1, 1, 1], [6, 6, 1, 1], [5, 5, 1, 1], [4, 4, 1, 1], [3, 3, 1, 1], [2, 2, 1, 1], [6, 6, 6, 1], [5, 5, 5, 1], [4, 4, 4, 1], [3, 3, 3, 1], [2, 2, 2, 1], [5, 5, 5, 5], [4, 4, 4, 4], [3, 3, 3, 3], [2, 2, 2, 2]], 3], "000011/000011/000000/000000": [[[6, 2, 0, 0], [5, 2, 0, 0], [4, 2, 0, 0], [3, 2, 0, 0], [6, 6, 0, 0], [5, 5, 0, 0], [4, 4, 0, 0], [3, 3, 0, 0], [6, 6, 6, 0], [5, 5, 5, 0], [4, 4, 4, 0], [3, 3, 3, 0], [2, 2, 2, 0], [2, 2, 1, 0], [5, 5, 5, 5], [4, 4, 4, 4], [3, 3, 3, 3], [2, 2, 2, 2], [2, 2, 1, 1]], 3], "000011/000011/000011/000000": [[[6, 2, 2, 0], [5, 2, 2, 0], [4, 2, 2, 0], [3, 2, 2, 0], [6, 6, 2, 0], [5, 5, 2, 0], [4, 4, 2, 0], [3, 3, 2, 0], [6, 6, 6, 0], [5, 5, 5, 0], [4, 4, 4, 0], [3, 3, 3, 0], [5, 5, 5, 5], [4, 4, 4, 4], [3, 3, 3, 3], [2, 2, 2, 2], [2, 2, 2, 1]], 3], "000011/000011/000011/000011": [[[6, 2, 2, 2], [5, 2, 2, 2], [4, 2, 2, 2], [3, 2, 2, 2], [6, 6, 2, 2], [5, 5, 2, 2], [4, 4, 2, 2], [3, 3, 2, 2], [6, 6, 6, 2], [5, 5, 5, 2], [4, 4, 4, 2], [3, 3, 3, 2], [5, 5, 5, 5], [4, 4, 4, 4], [3, 3, 3, 3]], 3], "000011/000011/000011/000001": [[[6, 2, 2, 1], [5, 2, 2, 1], [4, 2, 2, 1], [3, 2, 2, 1], [6, 6, 2, 1], [5, 5, 2, 1], [4, 4, 2, 1], [3, 3, 2, 1], [6, 6, 6, 1], [5, 5, 5, 1], [4, 4, 4, 1], [3, 3, 3, 1], [5, 5, 5, 5], [4, 4, 4, 4], [3, 3, 3, 3], [2, 2, 2, 2]], 3], "000011/000011/000001/000000": [[[6, 2, 1, 0], [5, 2, 1, 0], [4, 2, 1, 0], [3, 2, 1, 0], [6, 6, 1, 0], [5, 5, 1, 0], [4, 4, 1, 0], [3, 3, 1, 0], [6, 6, 6, 0], [5, 5, 5, 0], [4, 4, 4, 0], [3, 3, 3, 0], [2, 2, 2, 0], [5, 5, 5, 5], [4, 4, 4, 4], [3, 3, 3, 3], [2, 2, 2, 2], [2, 2, 1, 1]], 3], "000011/000011/000001/000001": [[[6, 2, 1, 1], [5, 2, 1, 1], [4, 2, 1, 1], [3, 2, 1, 1], [6, 6, 1, 1], [5, 5, 1, 1], [4, 4, 1, 1], [3, 3, 1, 1], [6, 6, 6, 1], [5, 5, 5, 1], [4, 4, 4, 1], [3, 3, 3, 1], [2, 2, 2, 1], [5, 5, 5, 5], [4, 4, 4, 4], [3, 3, 3, 3], [2, 2, 2, 2]], 3], "000111/000111/000000/000000": [[[6, 3, 0, 0], [5, 3, 0, 0], [4, 3, 0, 0], [6, 6, 0, 0], [5, 5, 0, 0], [4, 4, 0, 0], [6, 6, 6, 0], [5, 5, 5, 0], [4, 4, 4, 0], [3, 3, 3, 0], [3, 3, 2, 0], [3, 3, 1, 0], [5, 5, 5, 5], [4, 4, 4, 4], [3, 3, 3, 3], [3, 3, 2, 2], [3, 3, 1, 1]], 3], "001111/000111/000000/000000": [[[6, 3, 0, 0], [5, 3, 0, 0], [6, 6, 0, 0], [5, 5, 0, 0], [4, 4, 0, 0], [6, 6, 6, 0], [5, 5, 5, 0], [4, 4, 4, 0], [4, 3, 3, 0], [4, 3, 2, 0], [4, 3, 1, 0], [5, 5, 5, 5], [4, 4, 4, 4], [4, 3, 3, 3], [4, 3, 2, 2], [4, 3, 1, 1]], 3], "011111/000111/000000/000000": [[[6, 3, 0, 0], [6, 6, 0, 0], [5, 5, 0, 0], [5, 4, 0, 0], [6, 6, 6, 0], [5, 5, 5, 0], [5, 4, 4, 0], [5, 3, 3, 0], [5, 3, 2, 0], [5, 3, 1, 0], [5, 5, 5, 5], [5, 4, 4, 4], [5, 3, 3, 3], [5, 3, 2, 2], [5, 3, 1, 1]], 3], "111111/000111/000000/000000": [[[6, 6, 0, 0], [6, 5, 0, 0], [6, 4, 0, 0], [6, 6, 6, 0], [6, 5, 5, 0], [6, 4, 4, 0], [6, 3, 3, 0], [6, 3, 2, 0], [6, 3, 1, 0], [6, 5, 5, 5], [6, 4, 4, 4], [6, 3, 3, 3], [6, 3, 2, 2], [6, 3, 1, 1]], 3], "001111/001111/000000/000000": [[[6, 4, 0, 0], [5, 4, 0, 0], [6, 6, 0, 0], [5, 5, 0, 0], [6, 6, 6, 0], [5, 5, 5, 0], [4, 4, 4, 0], [4, 4, 3, 0], [4, 4, 2, 0], [4, 4, 1, 0], [5, 5, 5, 5], [4, 4, 4, 4], [4, 4, 3, 3], [4, 4, 2, 2], [4, 4, 1, 1]], 3], "011111/001111/000000/000000": [[[6, 4, 0, 0], [6, 6, 0, 0], [5, 5, 0, 0], [6, 6, 6, 0], [5, 5, 5, 0], [5, 4, 4, 0], [5, 4, 3, 0], [5, 4, 2, 0], [5, 4, 1, 0], [5, 5, 5, 5], [5, 4, 4, 4], [5, 4, 3, 3], [5, 4, 2, 2], [5, 4, 1, 1]], 3], "111111/001111/000000/000000": [[[6, 6, 0, 0], [6, 5, 0, 0], [6, 6, 6, 0], [6, 5, 5, 0], [6, 4, 4, 0], [6, 4, 3, 0], [6, 4, 2, 0], [6, 4, 1, 0], [6, 5, 5, 5], [6, 4, 4, 4], [6, 4, 3, 3], [6, 4, 2, 2], [6, 4, 1, 1]], 3], "011111/011111/000000/000000": [[[6, 5, 0, 0], [6, 6, 0, 0], [6, 6, 6, 0], [5, 5, 5, 0], [5, 5, 4, 0], [5, 5, 3, 0], [5, 5, 2, 0], [5, 5, 1, 0], [5, 5, 5, 5], [5, 5, 4, 4], [5, 5, 3, 3], [5, 5, 2, 2], [5, 5, 1, 1]], 3], "111111/011111/000000/000000": [[[6, 6, 0, 0], [6, 6, 6, 0], [6, 5, 5, 0], [6, 5, 4, 0], [6, 5, 3, 0], [6, 5, 2, 0], [6, 5, 1, 0], [6, 5, 5, 5], [6, 5, 4, 4], [6, 5, 3, 3], [6, 5, 2, 2], [6, 5, 1, 1]], 3], "111111/111111/000000/000000": [[[6, 6, 6, 0], [6, 6, 5, 0], [6, 6, 4, 0], [6, 6, 3, 0], [6, 6, 2, 0], [6, 6, 1, 0], [6, 6, 5, 5], [6, 6, 4, 4], [6, 6, 3, 3], [6, 6, 2, 2], [6, 6, 1, 1]], 3], "000111/000111/000111/000000": [[[6, 3, 3, 0], [5, 3, 3, 0], [4, 3, 3, 0], [6, 6, 3, 0], [5, 5, 3, 0], [4, 4, 3, 0], [6, 6, 6, 0], [5, 5, 5, 0], [4, 4, 4, 0], [5, 5, 5, 5], [4, 4, 4, 4], [3, 3, 3, 3], [3, 3, 3, 2], [3, 3, 3, 1]], 3], "000111/000111/000111/000111": [[[6, 3, 3, 3], [5, 3, 3, 3], [4, 3, 3, 3], [6, 6, 3, 3], [5, 5, 3, 3], [4, 4, 3, 3], [6, 6, 6, 3], [5, 5, 5, 3], [4, 4, 4, 3], [5, 5, 5, 5], [4, 4, 4, 4]], 3], "000111/000111/000111/000011": [[[6, 3, 3, 2], [5, 3, 3, 2], [4, 3, 3, 2], [6, 6, 3, 2], [5, 5, 3, 2], [4, 4, 3, 2], [6, 6, 6, 2], [5, 5, 5, 2], [4, 4, 4, 2], [5, 5, 5, 5], [4, 4, 4, 4], [3, 3, 3, 3]], 3], "000111/000111/000111/000001": [[[6, 3, 3, 1], [5, 3, 3, 1], [4, 3, 3, 1], [6, 6, 3, 1], [5, 5, 3, 1], [4, 4, 3, 1], [6, 6, 6, 1], [5, 5, 5, 1], [4, 4, 4, 1], [5, 5, 5, 5], [4, 4, 4, 4], [3, 3, 3, 3], [3, 3, 3, 2]], 3], "001111/000111/000111/000000": [[[6, 3, 3, 0], [5, 3, 3, 0], [6, 6, 3, 0], [5, 5, 3, 0], [4, 4, 3, 0], [6, 6, 6, 0], [5, 5, 5, 0], [4, 4, 4, 0], [5, 5, 5, 5], [4, 4, 4, 4], [4, 3, 3, 3], [4, 3, 3, 2], [4, 3, 3, 1]], 3], "011111/000111/000111/000000": [[[6, 3, 3, 0], [6, 6, 3, 0], [5, 5, 3, 0], [5, 4, 3, 0], [6, 6, 6, 0], [5, 5, 5, 0], [5, 4, 4, 0], [5, 5, 5, 5], [5, 4, 4, 4], [5, 3, 3, 3], [5, 3, 3, 2], [5, 3, 3, 1]], 3], "111111/000111/000111/000000": [[[6, 6, 3, 0], [6, 5, 3, 0], [6, 4, 3, 0], [6, 6, 6, 0], [6, 5, 5, 0], [6, 4, 4, 0], [6, 5, 5, 5], [6, 4, 4, 4], [6, 3, 3, 3], [6, 3, 3, 2], [6, 3, 3, 1]], 2], "001111/000111/000111/000111": [[[6, 3, 3, 3], [5, 3, 3, 3], [6, 6, 3, 3], [5, 5, 3, 3], [4, 4, 3, 3], [6, 6, 6, 3], [5, 5, 5, 3], [4, 4, 4, 3], [5, 5, 5, 5], [4, 4, 4, 4]], 3], "011111/000111/000111/000111": [[[6, 3, 3, 3], [6, 6, 3, 3], [5, 5, 3, 3], [5, 4, 3, 3], [6, 6, 6, 3], [5, 5, 5, 3], [5, 4, 4, 3], [5, 5, 5, 5], [5, 4, 4, 4]], 3], "111111/000111/000111/000111": [[[6, 6, 3, 3], [6, 5, 3, 3], [6, 4, 3, 3], [6, 6, 6, 3], [6, 5, 5, 3], [6, 4, 4, 3], [6, 5, 5, 5], [6, 4, 4, 4]], 3], "001111/000111/000111/000011": [[[6, 3, 3, 2], [5, 3, 3, 2], [6, 6, 3, 2], [5, 5, 3, 2], [4, 4, 3, 2], [6, 6, 6, 2], [5, 5, 5, 2], [4, 4, 4, 2], [5, 5, 5, 5], [4, 4, 4, 4], [4, 3, 3, 3]], 3], "011111/000111/000111/000011": [[[6, 3, 3, 2], [6, 6, 3, 2], [5, 5, 3, 2], [5, 4, 3, 2], [6, 6, 6, 2], [5, 5, 5, 2], [5, 4, 4, 2], [5, 5, 5, 5], [5, 4, 4, 4], [5, 3, 3, 3]], 3], "111111/000111/000111/000011": [[[6, 6, 3, 2], [6, 5, 3, 2], [6, 4, 3, 2], [6, 6, 6, 2], [6, 5, 5, 2], [6, 4, 4, 2], [6, 5, 5, 5], [6, 4, 4, 4], [6, 3, 3, 3]], 3], "001111/000111/000111/000001": [[[6, 3, 3, 1], [5, 3, 3, 1], [6, 6, 3, 1], [5, 5, 3, 1], [4, 4, 3, 1], [6, 6, 6, 1], [5, 5, 5, 1], [4, 4, 4, 1], [5, 5, 5, 5], [4, 4, 4, 4], [4, 3, 3, 3], [4, 3, 3, 2]], 2], "011111/000111/000111/000001": [[[6, 3, 3, 1], [6, 6, 3, 1], [5, 5, 3, 1], [5, 4, 3, 1], [6, 6, 6, 1], [5, 5, 5, 1], [5, 4, 4, 1], [5, 5, 5, 5], [5, 4, 4, 4], [5, 3, 3, 3], [5, 3, 3, 2]], 3], "111111/000111/000111/000001": [[[6, 6, 3, 1], [6, 5, 3, 1], [6, 4, 3, 1], [6, 6, 6, 1], [6, 5, 5, 1], [6, 4, 4, 1], [6, 5, 5, 5], [6, 4, 4, 4], [6, 3, 3, 3], [6, 3, 3, 2]], 3], "001111/001111/001111/000000": [[[6, 4, 4, 0], [5, 4, 4, 0], [6, 6, 4, 0], [5, 5, 4, 0], [6, 6, 6, 0], [5, 5, 5, 0], [5, 5, 5, 5], [4, 4, 4, 4], [4, 4, 4, 3], [4, 4, 4, 2], [4, 4, 4, 1]], 2], "011111/001111/001111/000000": [[[6, 4, 4, 0], [6, 6, 4, 0], [5, 5, 4, 0], [6, 6, 6, 0], [5, 5, 5, 0], [5, 5, 5, 5], [5, 4, 4, 4], [5, 4, 4, 3], [5, 4, 4, 2], [5, 4, 4, 1]], 3], "111111/001111/001111/000000": [[[6, 6, 4, 0], [6, 5, 4, 0], [6, 6, 6, 0], [6, 5, 5, 0], [6, 5, 5, 5], [6, 4, 4, 4], [6, 4, 4, 3], [6, 4, 4, 2], [6, 4, 4, 1]], 3], "011111/011111/001111/000000": [[[6, 5, 4, 0], [6, 6, 4, 0], [6, 6, 6, 0], [5, 5, 5, 0], [5, 5, 5, 5], [5, 5, 4, 4], [5, 5, 4, 3], [5, 5, 4, 2], [5, 5, 4, 1]], 3], "111111/011111/001111/000000": [[[6, 6, 4, 0], [6, 6, 6, 0], [6, 5, 5, 0], [6, 5, 5, 5], [6, 5, 4, 4], [6, 5, 4, 3], [6, 5, 4, 2], [6, 5, 4, 1]], 3], "111111/111111/001111/000000": [[[6, 6, 6, 0], [6, 6, 5, 0], [6, 6, 5, 5], [6, 6, 4, 4], [6, 6, 4, 3], [6, 6, 4, 2], [6, 6, 4, 1]], 3], "011111/011111/011111/000000": [[[6, 5, 5, 0], [6, 6, 5, 0], [6, 6, 6, 0], [5, 5, 5, 5], [5, 5, 5, 4], [5, 5, 5, 3], [5, 5, 5, 2], [5, 5, 5, 1]], 3], "111111/011111/011111/000000": [[[6, 6, 5, 0], [6, 6, 6, 0], [6, 5, 5, 5], [6, 5, 5, 4], [6, 5, 5, 3], [6, 5, 5, 2], [6, 5, 5, 1]], 3], "111111/111111/011111/000000": [[[6, 6, 6, 0], [6, 6, 5, 5], [6, 6, 5, 4], [6, 6, 5, 3], [6, 6, 5, 2], [6, 6, 5, 1]], 3], "111111/111111/111111/000000": [[[6, 6, 6, 5], [6, 6, 6, 4], [6, 6, 6, 3], [6, 6, 6, 2], [6, 6, 6, 1]], 1], "001111/001111/001111/001111": [[[6, 4, 4, 4], [5, 4, 4, 4], [6, 6, 4, 4], [5, 5, 4, 4], [6, 6, 6, 4], [5, 5, 5, 4], [5, 5, 5, 5]], 3], "011111/001111/001111/001111": [[[6, 4, 4, 4], [6, 6, 4, 4], [5, 5, 4, 4], [6, 6, 6, 4], [5, 5, 5, 4], [5, 5, 5, 5]], 2], "111111/001111/001111/001111": [[[6, 6, 4, 4], [6, 5, 4, 4], [6, 6, 6, 4], [6, 5, 5, 4], [6, 5, 5, 5]], 3], "011111/011111/001111/001111": [[[6, 5, 4, 4], [6, 6, 4, 4], [6, 6, 6, 4], [5, 5, 5, 4], [5, 5, 5, 5]], 3], "111111/011111/001111/001111": [[[6, 6, 4, 4], [6, 6, 6, 4], [6, 5, 5, 4], [6, 5, 5, 5]], 2], "111111/111111/001111/001111": [[[6, 6, 6, 4], [6, 6, 5, 4], [6, 6, 5, 5]], 3], "011111/011111/011111/011111": [[[6, 5, 5, 5], [6, 6, 5, 5], [6, 6, 6, 5]], 1], "111111/011111/011111/011111": [[[6, 6, 5, 5], [6, 6, 6, 5]], 1], "111111/111111/011111/011111": [[[6, 6, 6, 5]], 1], "111111/111111/111111/011111": [[], 0], "011111/011111/011111/001111": [[[6, 5, 5, 4], [6, 6, 5, 4], [6, 6, 6, 4], [5, 5, 5, 5]], 3], "111111/011111/011111/001111": [[[6, 6, 5, 4], [6, 6, 6, 4], [6, 5, 5, 5]], 3], "111111/111111/011111/001111": [[[6, 6, 6, 4], [6, 6, 5, 5]], 2], "111111/111111/111111/001111": [[[6, 6, 6, 5]], 1], "001111/001111/001111/000111": [[[6, 4, 4, 3], [5, 4, 4, 3], [6, 6, 4, 3], [5, 5, 4, 3], [6, 6, 6, 3], [5, 5, 5, 3], [5, 5, 5, 5], [4, 4, 4, 4]], 3], "011111/001111/001111/000111": [[[6, 4, 4, 3], [6, 6, 4, 3], [5, 5, 4, 3], [6, 6, 6, 3], [5, 5, 5, 3], [5, 5, 5, 5], [5, 4, 4, 4]], 3], "111111/001111/001111/000111": [[[6, 6, 4, 3], [6, 5, 4, 3], [6, 6, 6, 3], [6, 5, 5, 3], [6, 5, 5, 5], [6, 4, 4, 4]], 3], "011111/011111/001111/000111": [[[6, 5, 4, 3], [6, 6, 4, 3], [6, 6, 6, 3], [5, 5, 5, 3], [5, 5, 5, 5], [5, 5, 4, 4]], 3], "111111/011111/001111/000111": [[[6, 6, 4, 3], [6, 6, 6, 3], [6, 5, 5, 3], [6, 5, 5, 5], [6, 5, 4, 4]], 3], "111111/111111/001111/000111": [[[6, 6, 6, 3], [6, 6, 5, 3], [6, 6, 5, 5], [6, 6, 4, 4]], 2], "011111/011111/011111/000111": [[[6, 5, 5, 3], [6, 6, 5, 3], [6, 6, 6, 3], [5, 5, 5, 5], [5, 5, 5, 4]], 3], "111111/011111/011111/000111": [[[6, 6, 5, 3], [6, 6, 6, 3], [6, 5, 5, 5], [6, 5, 5, 4]], 2], "111111/111111/011111/000111": [[[6, 6, 6, 3], [6, 6, 5, 5], [6, 6, 5, 4]], 3], "111111/111111/111111/000111": [[[6, 6, 6, 5], [6, 6, 6, 4]], 1], "001111/001111/001111/000011": [[[6, 4, 4, 2], [5, 4, 4, 2], [6, 6, 4, 2], [5, 5, 4, 2], [6, 6, 6, 2], [5, 5, 5, 2], [5, 5, 5, 5], [4, 4, 4, 4], [4, 4, 4, 3]], 3], "011111/001111/001111/000011": [[[6, 4, 4, 2], [6, 6, 4, 2], [5, 5, 4, 2], [6, 6, 6, 2], [5, 5, 5, 2], [5, 5, 5, 5], [5, 4, 4, 4], [5, 4, 4, 3]], 3], "111111/001111/001111/000011": [[[6, 6, 4, 2], [6, 5, 4, 2], [6, 6, 6, 2], [6, 5, 5, 2], [6, 5, 5, 5], [6, 4, 4, 4], [6, 4, 4, 3]], 2], "011111/011111/001111/000011": [[[6, 5, 4, 2], [6, 6, 4, 2], [6, 6, 6, 2], [5, 5, 5, 2], [5, 5, 5, 5], [5, 5, 4, 4], [5, 5, 4, 3]], 3], "111111/011111/001111/000011": [[[6, 6, 4, 2], [6, 6, 6, 2], [6, 5, 5, 2], [6, 5, 5, 5], [6, 5, 4, 4], [6, 5, 4, 3]], 3], "111111/111111/001111/000011": [[[6, 6, 6, 2], [6, 6, 5, 2], [6, 6, 5, 5], [6, 6, 4, 4], [6, 6, 4, 3]], 3], "011111/011111/011111/000011": [[[6, 5, 5, 2], [6, 6, 5, 2], [6, 6, 6, 2], [5, 5, 5, 5], [5, 5, 5, 4], [5, 5, 5, 3]], 2], "111111/011111/011111/000011": [[[6, 6, 5, 2], [6, 6, 6, 2], [6, 5, 5, 5], [6, 5, 5, 4], [6, 5, 5, 3]], 3], "111111/111111/011111/000011": [[[6, 6, 6, 2], [6, 6, 5, 5], [6, 6, 5, 4], [6, 6, 5, 3]], 3], "111111/111111/111111/000011": [[[6, 6, 6, 5], [6, 6, 6, 4], [6, 6, 6, 3]], 1], "001111/001111/001111/000001": [[[6, 4, 4, 1], [5, 4, 4, 1], [6, 6, 4, 1], [5, 5, 4, 1], [6, 6, 6, 1], [5, 5, 5, 1], [5, 5, 5, 5], [4, 4, 4, 4], [4, 4, 4, 3], [4, 4, 4, 2]], 3], "011111/001111/001111/000001": [[[6, 4, 4, 1], [6, 6, 4, 1], [5, 5, 4, 1], [6, 6, 6, 1], [5, 5, 5, 1], [5, 5, 5, 5], [5, 4, 4, 4], [5, 4, 4, 3], [5, 4, 4, 2]], 3], "111111/001111/001111/000001": [[[6, 6, 4, 1], [6, 5, 4, 1], [6, 6, 6, 1], [6, 5, 5, 1], [6, 5, 5, 5], [6, 4, 4, 4], [6, 4, 4, 3], [6, 4, 4, 2]], 3], "011111/011111/001111/000001": [[[6, 5, 4, 1], [6, 6, 4, 1], [6, 6, 6, 1], [5, 5, 5, 1], [5, 5, 5, 5], [5, 5, 4, 4], [5, 5, 4, 3], [5, 5, 4, 2]], 2], "111111/011111/001111/000001": [[[6, 6, 4, 1], [6, 6, 6, 1], [6, 5, 5, 1], [6, 5, 5, 5], [6, 5, 4, 4], [6, 5, 4, 3], [6, 5, 4, 2]], 3], "111111/111111/001111/000001": [[[6, 6, 6, 1], [6, 6, 5, 1], [6, 6, 5, 5], [6, 6, 4, 4], [6, 6, 4, 3], [6, 6, 4, 2]], 3], "011111/011111/011111/000001": [[[6, 5, 5, 1], [6, 6, 5, 1], [6, 6, 6, 1], [5, 5, 5, 5], [5, 5, 5, 4], [5, 5, 5, 3], [5, 5, 5, 2]], 3], "111111/011111/011111/000001": [[[6, 6, 5, 1], [6, 6, 6, 1], [6, 5, 5, 5], [6, 5, 5, 4], [6, 5, 5, 3], [6, 5, 5, 2]], 3], "111111/111111/011111/000001": [[[6, 6, 6, 1], [6, 6, 5, 5], [6, 6, 5, 4], [6, 6, 5, 3], [6, 6, 5, 2]], 3], "111111/111111/111111/000001": [[[6, 6, 6, 5], [6, 6, 6, 4], [6, 6, 6, 3], [6, 6, 6, 2]], 1], "001111/001111/000111/000000": [[[6, 4, 3, 0], [5, 4, 3, 0], [6, 6, 3, 0], [5, 5, 3, 0], [6, 6, 6, 0], [5, 5, 5, 0], [4, 4, 4, 0], [5, 5, 5, 5], [4, 4, 4, 4], [4, 4, 3, 3], [4, 4, 3, 2], [4, 4, 3, 1]], 3], "011111/001111/000111/000000": [[[6, 4, 3, 0], [6, 6, 3, 0], [5, 5, 3, 0], [6, 6, 6, 0], [5, 5, 5, 0], [5, 4, 4, 0], [5, 5, 5, 5], [5, 4, 4, 4], [5, 4, 3, 3], [5, 4, 3, 2], [5, 4, 3, 1]], 3], "111111/001111/000111/000000": [[[6, 6, 3, 0], [6, 5, 3, 0], [6, 6, 6, 0], [6, 5, 5, 0], [6, 4, 4, 0], [6, 5, 5, 5], [6, 4, 4, 4], [6, 4, 3, 3], [6, 4, 3, 2], [6, 4, 3, 1]], 3], "011111/011111/000111/000000": [[[6, 5, 3, 0], [6, 6, 3, 0], [6, 6, 6, 0], [5, 5, 5, 0], [5, 5, 4, 0], [5, 5, 5, 5], [5, 5, 4, 4], [5, 5, 3, 3], [5, 5, 3, 2], [5, 5, 3, 1]], 3], "111111/011111/000111/000000": [[[6, 6, 3, 0], [6, 6, 6, 0], [6, 5, 5, 0], [6, 5, 4, 0], [6, 5, 5, 5], [6, 5, 4, 4], [6, 5, 3, 3], [6, 5, 3, 2], [6, 5, 3, 1]], 3], "111111/111111/000111/000000": [[[6, 6, 6, 0], [6, 6, 5, 0], [6, 6, 4, 0], [6, 6, 5, 5], [6, 6, 4, 4], [6, 6, 3, 3], [6, 6, 3, 2], [6, 6, 3, 1]], 3], "001111/001111/000111/000111": [[[6, 4, 3, 3], [5, 4, 3, 3], [6, 6, 3, 3], [5, 5, 3, 3], [6, 6, 6, 3], [5, 5, 5, 3], [4, 4, 4, 3], [5, 5, 5, 5], [4, 4, 4, 4]], 3], "011111/001111/000111/000111": [[[6, 4, 3, 3], [6, 6, 3, 3], [5, 5, 3, 3], [6, 6, 6, 3], [5, 5, 5, 3], [5, 4, 4, 3], [5, 5, 5, 5], [5, 4, 4, 4]], 3], "111111/001111/000111/000111": [[[6, 6, 3, 3], [6, 5, 3, 3], [6, 6, 6, 3], [6, 5, 5, 3], [6, 4, 4, 3], [6, 5, 5, 5], [6, 4, 4, 4]], 3], "011111/011111/000111/000111": [[[6, 5, 3, 3], [6, 6, 3, 3], [6, 6, 6, 3], [5, 5, 5, 3], [5, 5, 4, 3], [5, 5, 5, 5], [5, 5, 4, 4]], 2], "111111/011111/000111/000111": [[[6, 6, 3, 3], [6, 6, 6, 3], [6, 5, 5, 3], [6, 5, 4, 3], [6, 5, 5, 5], [6, 5, 4, 4]], 3], "111111/111111/000111/000111": [[[6, 6, 6, 3], [6, 6, 5, 3], [6, 6, 4, 3], [6, 6, 5, 5], [6, 6, 4, 4]], 3], "001111/001111/000111/000011": [[[6, 4, 3, 2], [5, 4, 3, 2], [6, 6, 3, 2], [5, 5, 3, 2], [6, 6, 6, 2], [5, 5, 5, 2], [4, 4, 4, 2], [5, 5, 5, 5], [4, 4, 4, 4], [4, 4, 3, 3]], 3], "011111/001111/000111/000011": [[[6, 4, 3, 2], [6, 6, 3, 2], [5, 5, 3, 2], [6, 6, 6, 2], [5, 5, 5, 2], [5, 4, 4, 2], [5, 5, 5, 5], [5, 4, 4, 4], [5, 4, 3, 3]], 3], "111111/001111/000111/000011": [[[6, 6, 3, 2], [6, 5, 3, 2], [6, 6, 6, 2], [6, 5, 5, 2], [6, 4, 4, 2], [6, 5, 5, 5], [6, 4, 4, 4], [6, 4, 3, 3]], 3], "011111/011111/000111/000011": [[[6, 5, 3, 2], [6, 6, 3, 2], [6, 6, 6, 2], [5, 5, 5, 2], [5, 5, 4, 2], [5, 5, 5, 5], [5, 5, 4, 4], [5, 5, 3, 3]], 3], "111111/011111/000111/000011": [[[6, 6, 3, 2], [6, 6, 6, 2], [6, 5, 5, 2], [6, 5, 4, 2], [6, 5, 5, 5], [6, 5, 4, 4], [6, 5, 3, 3]], 3], "111111/111111/000111/000011": [[[6, 6, 6, 2], [6, 6, 5, 2], [6, 6, 4, 2], [6, 6, 5, 5], [6, 6, 4, 4], [6, 6, 3, 3]], 2], "001111/001111/000111/000001": [[[6, 4, 3, 1], [5, 4, 3, 1], [6, 6, 3, 1], [5, 5, 3, 1], [6, 6, 6, 1], [5, 5, 5, 1], [4, 4, 4, 1], [5, 5, 5, 5], [4, 4, 4, 4], [4, 4, 3, 3], [4, 4, 3, 2]], 3], "011111/001111/000111/000001": [[[6, 4, 3, 1], [6, 6, 3, 1], [5, 5, 3, 1], [6, 6, 6, 1], [5, 5, 5, 1], [5, 4, 4, 1], [5, 5, 5, 5], [5, 4, 4, 4], [5, 4, 3, 3], [5, 4, 3, 2]], 3], "111111/001111/000111/000001": [[[6, 6, 3, 1], [6, 5, 3, 1], [6, 6, 6, 1], [6, 5, 5, 1], [6, 4, 4, 1], [6, 5, 5, 5], [6, 4, 4, 4], [6, 4, 3, 3], [6, 4, 3, 2]], 2], "011111/011111/000111/000001": [[[6, 5, 3, 1], [6, 6, 3, 1], [6, 6, 6, 1], [5, 5, 5, 1], [5, 5, 4, 1], [5, 5, 5, 5], [5, 5, 4, 4], [5, 5, 3, 3], [5, 5, 3, 2]], 3], "111111/011111/000111/000001": [[[6, 6, 3, 1], [6, 6, 6, 1], [6, 5, 5, 1], [6, 5, 4, 1], [6, 5, 5, 5], [6, 5, 4, 4], [6, 5, 3, 3], [6, 5, 3, 2]], 3], "111111/111111/000111/000001": [[[6, 6, 6, 1], [6, 6, 5, 1], [6, 6, 4, 1], [6, 6, 5, 5], [6, 6, 4, 4], [6, 6, 3, 3], [6, 6, 3, 2]], 3], "000111/000111/000011/000000": [[[6, 3, 2, 0], [5, 3, 2, 0], [4, 3, 2, 0], [6, 6, 2, 0], [5, 5, 2, 0], [4, 4, 2, 0], [6, 6, 6, 0], [5, 5, 5, 0], [4, 4, 4, 0], [3, 3, 3, 0], [5, 5, 5, 5], [4, 4, 4, 4], [3, 3, 3, 3], [3, 3, 2, 2], [3, 3, 2, 1]], 3], "000111/000111/000011/000011": [[[6, 3, 2, 2], [5, 3, 2, 2], [4, 3, 2, 2], [6, 6, 2, 2], [5, 5, 2, 2], [4, 4, 2, 2], [6, 6, 6, 2], [5, 5, 5, 2], [4, 4, 4, 2], [3, 3, 3, 2], [5, 5, 5, 5], [4, 4, 4, 4], [3, 3, 3, 3]], 3], "000111/000111/000011/000001": [[[6, 3, 2, 1], [5, 3, 2, 1], [4, 3, 2, 1], [6, 6, 2, 1], [5, 5, 2, 1], [4, 4, 2, 1], [6, 6, 6, 1], [5, 5, 5, 1], [4, 4, 4, 1], [3, 3, 3, 1], [5, 5, 5, 5], [4, 4, 4, 4], [3, 3, 3, 3], [3, 3, 2, 2]], 3], "001111/000111/000011/000000": [[[6, 3, 2, 0], [5, 3, 2, 0], [6, 6, 2, 0], [5, 5, 2, 0], [4, 4, 2, 0], [6, 6, 6, 0], [5, 5, 5, 0], [4, 4, 4, 0], [4, 3, 3, 0], [5, 5, 5, 5], [4, 4, 4, 4], [4, 3, 3, 3], [4, 3, 2, 2], [4, 3, 2, 1]], 3], "011111/000111/000011/000000": [[[6, 3, 2, 0], [6, 6, 2, 0], [5, 5, 2, 0], [5, 4, 2, 0], [6, 6, 6, 0], [5, 5, 5, 0], [5, 4, 4, 0], [5, 3, 3, 0], [5, 5, 5, 5], [5, 4, 4, 4], [5, 3, 3, 3], [5, 3, 2, 2], [5, 3, 2, 1]], 3], "111111/000111/000011/000000": [[[6, 6, 2, 0], [6, 5, 2, 0], [6, 4, 2, 0], [6, 6, 6, 0], [6, 5, 5, 0], [6, 4, 4, 0], [6, 3, 3, 0], [6, 5, 5, 5], [6, 4, 4, 4], [6, 3, 3, 3], [6, 3, 2, 2], [6, 3, 2, 1]], 3], "001111/000111/000011/000011": [[[6, 3, 2, 2], [5, 3, 2, 2], [6, 6, 2, 2], [5, 5, 2, 2], [4, 4, 2, 2], [6, 6, 6, 2], [5, 5, 5, 2], [4, 4, 4, 2], [4, 3, 3, 2], [5, 5, 5, 5], [4, 4, 4, 4], [4, 3, 3, 3]], 3], "011111/000111/000011/000011": [[[6, 3, 2, 2], [6, 6, 2, 2], [5, 5, 2, 2], [5, 4, 2, 2], [6, 6, 6, 2], [5, 5, 5, 2], [5, 4, 4, 2], [5, 3, 3, 2], [5, 5, 5, 5], [5, 4, 4, 4], [5, 3, 3, 3]], 3], "111111/000111/000011/000011": [[[6, 6, 2, 2], [6, 5, 2, 2], [6, 4, 2, 2], [6, 6, 6, 2], [6, 5, 5, 2], [6, 4, 4, 2], [6, 3, 3, 2], [6, 5, 5, 5], [6, 4, 4, 4], [6, 3, 3, 3]], 3], "001111/000111/000011/000001": [[[6, 3, 2, 1], [5, 3, 2, 1], [6, 6, 2, 1], [5, 5, 2, 1], [4, 4, 2, 1], [6, 6, 6, 1], [5, 5, 5, 1], [4, 4, 4, 1], [4, 3, 3, 1], [5, 5, 5, 5], [4, 4, 4, 4], [4, 3, 3, 3], [4, 3, 2, 2]], 3], "011111/000111/000011/000001": [[[6, 3, 2, 1], [6, 6, 2, 1], [5, 5, 2, 1], [5, 4, 2, 1], [6, 6, 6, 1], [5, 5, 5, 1], [5, 4, 4, 1], [5, 3, 3, 1], [5, 5, 5, 5], [5, 4, 4, 4], [5, 3, 3, 3], [5, 3, 2, 2]], 3], "111111/000111/000011/000001": [[[6, 6, 2, 1], [6, 5, 2, 1], [6, 4, 2, 1], [6, 6, 6, 1], [6, 5, 5, 1], [6, 4, 4, 1], [6, 3, 3, 1], [6, 5, 5, 5], [6, 4, 4, 4], [6, 3, 3, 3], [6, 3, 2, 2]], 3], "001111/001111/000011/000000": [[[6, 4, 2, 0], [5, 4, 2, 0], [6, 6, 2, 0], [5, 5, 2, 0], [6, 6, 6, 0], [5, 5, 5, 0], [4, 4, 4, 0], [4, 4, 3, 0], [5, 5, 5, 5], [4, 4, 4, 4], [4, 4, 3, 3], [4, 4, 2, 2], [4, 4, 2, 1]], 3], "011111/001111/000011/000000": [[[6, 4, 2, 0], [6, 6, 2, 0], [5, 5, 2, 0], [6, 6, 6, 0], [5, 5, 5, 0], [5, 4, 4, 0], [5, 4, 3, 0], [5, 5, 5, 5], [5, 4, 4, 4], [5, 4, 3, 3], [5, 4, 2, 2], [5, 4, 2, 1]], 3], "111111/001111/000011/000000": [[[6, 6, 2, 0], [6, 5, 2, 0], [6, 6, 6, 0], [6, 5, 5, 0], [6, 4, 4, 0], [6, 4, 3, 0], [6, 5, 5, 5], [6, 4, 4, 4], [6, 4, 3, 3], [6, 4, 2, 2], [6, 4, 2, 1]], 2], "011111/011111/000011/000000": [[[6, 5, 2, 0], [6, 6, 2, 0], [6, 6, 6, 0], [5, 5, 5, 0], [5, 5, 4, 0], [5, 5, 3, 0], [5, 5, 5, 5], [5, 5, 4, 4], [5, 5, 3, 3], [5, 5, 2, 2], [5, 5, 2, 1]], 3], "111111/011111/000011/000000": [[[6, 6, 2, 0], [6, 6, 6, 0], [6, 5, 5, 0], [6, 5, 4, 0], [6, 5, 3, 0], [6, 5, 5, 5], [6, 5, 4, 4], [6, 5, 3, 3], [6, 5, 2, 2], [6, 5, 2, 1]], 3], "111111/111111/000011/000000": [[[6, 6, 6, 0], [6, 6, 5, 0], [6, 6, 4, 0], [6, 6, 3, 0], [6, 6, 5, 5], [6, 6, 4, 4], [6, 6, 3, 3], [6, 6, 2, 2], [6, 6, 2, 1]], 3], "001111/001111/000011/000011": [[[6, 4, 2, 2], [5, 4, 2, 2], [6, 6, 2, 2], [5, 5, 2, 2], [6, 6, 6, 2], [5, 5, 5, 2], [4, 4, 4, 2], [4, 4, 3, 2], [5, 5, 5, 5], [4, 4, 4, 4], [4, 4, 3, 3]], 3], "011111/001111/000011/000011": [[[6, 4, 2, 2], [6, 6, 2, 2], [5, 5, 2, 2], [6, 6, 6, 2], [5, 5, 5, 2], [5, 4, 4, 2], [5, 4, 3, 2], [5, 5, 5, 5], [5, 4, 4, 4], [5, 4, 3, 3]], 3], "111111/001111/000011/000011": [[[6, 6, 2, 2], [6, 5, 2, 2], [6, 6, 6, 2], [6, 5, 5, 2], [6, 4, 4, 2], [6, 4, 3, 2], [6, 5, 5, 5], [6, 4, 4, 4], [6, 4, 3, 3]], 3], "011111/011111/000011/000011": [[[6, 5, 2, 2], [6, 6, 2, 2], [6, 6, 6, 2], [5, 5, 5, 2], [5, 5, 4, 2], [5, 5, 3, 2], [5, 5, 5, 5], [5, 5, 4, 4], [5, 5, 3, 3]], 3], "111111/011111/000011/000011": [[[6, 6, 2, 2], [6, 6, 6, 2], [6, 5, 5, 2], [6, 5, 4, 2], [6, 5, 3, 2], [6, 5, 5, 5], [6, 5, 4, 4], [6, 5, 3, 3]], 3], "111111/111111/000011/000011": [[[6, 6, 6, 2], [6, 6, 5, 2], [6, 6, 4, 2], [6, 6, 3, 2], [6, 6, 5, 5], [6, 6, 4, 4], [6, 6, 3, 3]], 3], "001111/001111/000011/000001": [[[6, 4, 2, 1], [5, 4, 2, 1], [6, 6, 2, 1], [5, 5, 2, 1], [6, 6, 6, 1], [5, 5, 5, 1], [4, 4, 4, 1], [4, 4, 3, 1], [5, 5, 5, 5], [4, 4, 4, 4], [4, 4, 3, 3], [4, 4, 2, 2]], 3], "011111/001111/000011/000001": [[[6, 4, 2, 1], [6, 6, 2, 1], [5, 5, 2, 1], [6, 6, 6, 1], [5, 5, 5, 1], [5, 4, 4, 1], [5, 4, 3, 1], [5, 5, 5, 5], [5, 4, 4, 4], [5, 4, 3, 3], [5, 4, 2, 2]], 3], "111111/001111/000011/000001": [[[6, 6, 2, 1], [6, 5, 2, 1], [6, 6, 6, 1], [6, 5, 5, 1], [6, 4, 4, 1], [6, 4, 3, 1], [6, 5, 5, 5], [6, 4, 4, 4], [6, 4, 3, 3], [6, 4, 2, 2]], 3], "011111/011111/000011/000001": [[[6, 5, 2, 1], [6, 6, 2, 1], [6, 6, 6, 1], [5, 5, 5, 1], [5, 5, 4, 1], [5, 5, 3, 1], [5, 5, 5, 5], [5, 5, 4, 4], [5, 5, 3, 3], [5, 5, 2, 2]], 3], "111111/011111/000011/000001": [[[6, 6, 2, 1], [6, 6, 6, 1], [6, 5, 5, 1], [6, 5, 4, 1], [6, 5, 3, 1], [6, 5, 5, 5], [6, 5, 4, 4], [6, 5, 3, 3], [6, 5, 2, 2]], 3], "111111/111111/000011/000001": [[[6, 6, 6, 1], [6, 6, 5, 1], [6, 6, 4, 1], [6, 6, 3, 1], [6, 6, 5, 5], [6, 6, 4, 4], [6, 6, 3, 3], [6, 6, 2, 2]], 2], "000111/000111/000001/000000": [[[6, 3, 1, 0], [5, 3, 1, 0], [4, 3, 1, 0], [6, 6, 1, 0], [5, 5, 1, 0], [4, 4, 1, 0], [6, 6, 6, 0], [5, 5, 5, 0], [4, 4, 4, 0], [3, 3, 3, 0], [3, 3, 2, 0], [5, 5, 5, 5], [4, 4, 4, 4], [3, 3, 3, 3], [3, 3, 2, 2], [3, 3, 1, 1]], 3], "000111/000111/000001/000001": [[[6, 3, 1, 1], [5, 3, 1, 1], [4, 3, 1, 1], [6, 6, 1, 1], [5, 5, 1, 1], [4, 4, 1, 1], [6, 6, 6, 1], [5, 5, 5, 1], [4, 4, 4, 1], [3, 3, 3, 1], [3, 3, 2, 1], [5, 5, 5, 5], [4, 4, 4, 4], [3, 3, 3, 3], [3, 3, 2, 2]], 3], "001111/000111/000001/000000": [[[6, 3, 1, 0], [5, 3, 1, 0], [6, 6, 1, 0], [5, 5, 1, 0], [4, 4, 1, 0], [6, 6, 6, 0], [5, 5, 5, 0], [4, 4, 4, 0], [4, 3, 3, 0], [4, 3, 2, 0], [5, 5, 5, 5], [4, 4, 4, 4], [4, 3, 3, 3], [4, 3, 2, 2], [4, 3, 1, 1]], 3], "011111/000111/000001/000000": [[[6, 3, 1, 0], [6, 6, 1, 0], [5, 5, 1, 0], [5, 4, 1, 0], [6, 6, 6, 0], [5, 5, 5, 0], [5, 4, 4, 0], [5, 3, 3, 0], [5, 3, 2, 0], [5, 5, 5, 5], [5, 4, 4, 4], [5, 3, 3, 3], [5, 3, 2, 2], [5, 3, 1, 1]], 3], "111111/000111/000001/000000": [[[6, 6, 1, 0], [6, 5, 1, 0], [6, 4, 1, 0], [6, 6, 6, 0], [6, 5, 5, 0], [6, 4, 4, 0], [6, 3, 3, 0], [6, 3, 2, 0], [6, 5, 5, 5], [6, 4, 4, 4], [6, 3, 3, 3], [6, 3, 2, 2], [6, 3, 1, 1]], 3], "001111/000111/000001/000001": [[[6, 3, 1, 1], [5, 3, 1, 1], [6, 6, 1, 1], [5, 5, 1, 1], [4, 4, 1, 1], [6, 6, 6, 1], [5, 5, 5, 1], [4, 4, 4, 1], [4, 3, 3, 1], [4, 3, 2, 1], [5, 5, 5, 5], [4, 4, 4, 4], [4, 3, 3, 3], [4, 3, 2, 2]], 3], "011111/000111/000001/000001": [[[6, 3, 1, 1], [6, 6, 1, 1], [5, 5, 1, 1], [5, 4, 1, 1], [6, 6, 6, 1], [5, 5, 5, 1], [5, 4, 4, 1], [5, 3, 3, 1], [5, 3, 2, 1], [5, 5, 5, 5], [5, 4, 4, 4], [5, 3, 3, 3], [5, 3, 2, 2]], 3], "111111/000111/000001/000001": [[[6, 6, 1, 1], [6, 5, 1, 1], [6, 4, 1, 1], [6, 6, 6, 1], [6, 5, 5, 1], [6, 4, 4, 1], [6, 3, 3, 1], [6, 3, 2, 1], [6, 5, 5, 5], [6, 4, 4, 4], [6, 3, 3, 3], [6, 3, 2, 2]], 2], "001111/001111/000001/000000": [[[6, 4, 1, 0], [5, 4, 1, 0], [6, 6, 1, 0], [5, 5, 1, 0], [6, 6, 6, 0], [5, 5, 5, 0], [4, 4, 4, 0], [4, 4, 3, 0], [4, 4, 2, 0], [5, 5, 5, 5], [4, 4, 4, 4], [4, 4, 3, 3], [4, 4, 2, 2], [4, 4, 1, 1]], 3], "011111/001111/000001/000000": [[[6, 4, 1, 0], [6, 6, 1, 0], [5, 5, 1, 0], [6, 6, 6, 0], [5, 5, 5, 0], [5, 4, 4, 0], [5, 4, 3, 0], [5, 4, 2, 0], [5, 5, 5, 5], [5, 4, 4, 4], [5, 4, 3, 3], [5, 4, 2, 2], [5, 4, 1, 1]], 3], "111111/001111/000001/000000": [[[6, 6, 1, 0], [6, 5, 1, 0], [6, 6, 6, 0], [6, 5, 5, 0], [6, 4, 4, 0], [6, 4, 3, 0], [6, 4, 2, 0], [6, 5, 5, 5], [6, 4, 4, 4], [6, 4, 3, 3], [6, 4, 2, 2], [6, 4, 1, 1]], 3], "011111/011111/000001/000000": [[[6, 5, 1, 0], [6, 6, 1, 0], [6, 6, 6, 0], [5, 5, 5, 0], [5, 5, 4, 0], [5, 5, 3, 0], [5, 5, 2, 0], [5, 5, 5, 5], [5, 5, 4, 4], [5, 5, 3, 3], [5, 5, 2, 2], [5, 5, 1, 1]], 3], "111111/011111/000001/000000": [[[6, 6, 1, 0], [6, 6, 6, 0], [6, 5, 5, 0], [6, 5, 4, 0], [6, 5, 3, 0], [6, 5, 2, 0], [6, 5, 5, 5], [6, 5, 4, 4], [6, 5, 3, 3], [6, 5, 2, 2], [6, 5, 1, 1]], 3], "111111/111111/000001/000000": [[[6, 6, 6, 0], [6, 6, 5, 0], [6, 6, 4, 0], [6, 6, 3, 0], [6, 6, 2, 0], [6, 6, 5, 5], [6, 6, 4, 4], [6, 6, 3, 3], [6, 6, 2, 2], [6, 6, 1, 1]], 2], "001111/001111/000001/000001": [[[6, 4, 1, 1], [5, 4, 1, 1], [6, 6, 1, 1], [5, 5, 1, 1], [6, 6, 6, 1], [5, 5, 5, 1], [4, 4, 4, 1], [4, 4, 3, 1], [4, 4, 2, 1], [5, 5, 5, 5], [4, 4, 4, 4], [4, 4, 3, 3], [4, 4, 2, 2]], 2], "011111/001111/000001/000001": [[[6, 4, 1, 1], [6, 6, 1, 1], [5, 5, 1, 1], [6, 6, 6, 1], [5, 5, 5, 1], [5, 4, 4, 1], [5, 4, 3, 1], [5, 4, 2, 1], [5, 5, 5, 5], [5, 4, 4, 4], [5, 4, 3, 3], [5, 4, 2, 2]], 3], "111111/001111/000001/000001": [[[6, 6, 1, 1], [6, 5, 1, 1], [6, 6, 6, 1], [6, 5, 5, 1], [6, 4, 4, 1], [6, 4, 3, 1], [6, 4, 2, 1], [6, 5, 5, 5], [6, 4, 4, 4], [6, 4, 3, 3], [6, 4, 2, 2]], 3], "011111/011111/000001/000001": [[[6, 5, 1, 1], [6, 6, 1, 1], [6, 6, 6, 1], [5, 5, 5, 1], [5, 5, 4, 1], [5, 5, 3, 1], [5, 5, 2, 1], [5, 5, 5, 5], [5, 5, 4, 4], [5, 5, 3, 3], [5, 5, 2, 2]], 3], "111111/011111/000001/000001": [[[6, 6, 1, 1], [6, 6, 6, 1], [6, 5, 5, 1], [6, 5, 4, 1], [6, 5, 3, 1], [6, 5, 2, 1], [6, 5, 5, 5], [6, 5, 4, 4], [6, 5, 3, 3], [6, 5, 2, 2]], 3], "111111/111111/000001/000001": [[[6, 6, 6, 1], [6, 6, 5, 1], [6, 6, 4, 1], [6, 6, 3, 1], [6, 6, 2, 1], [6, 6, 5, 5], [6, 6, 4, 4], [6, 6, 3, 3], [6, 6, 2, 2]], 3], "000111/000011/000000/000000": [[[6, 2, 0, 0], [5, 2, 0, 0], [4, 2, 0, 0], [6, 6, 0, 0], [5, 5, 0, 0], [4, 4, 0, 0], [3, 3, 0, 0], [6, 6, 6, 0], [5, 5, 5, 0], [4, 4, 4, 0], [3, 3, 3, 0], [3, 2, 2, 0], [3, 2, 1, 0], [5, 5, 5, 5], [4, 4, 4, 4], [3, 3, 3, 3], [3, 2, 2, 2], [3, 2, 1, 1]], 3], "001111/000011/000000/000000": [[[6, 2, 0, 0], [5, 2, 0, 0], [6, 6, 0, 0], [5, 5, 0, 0], [4, 4, 0, 0], [4, 3, 0, 0], [6, 6, 6, 0], [5, 5, 5, 0], [4, 4, 4, 0], [4, 3, 3, 0], [4, 2, 2, 0], [4, 2, 1, 0], [5, 5, 5, 5], [4, 4, 4, 4], [4, 3, 3, 3], [4, 2, 2, 2], [4, 2, 1, 1]], 3], "011111/000011/000000/000000": [[[6, 2, 0, 0], [6, 6, 0, 0], [5, 5, 0, 0], [5, 4, 0, 0], [5, 3, 0, 0], [6, 6, 6, 0], [5, 5, 5, 0], [5, 4, 4, 0], [5, 3, 3, 0], [5, 2, 2, 0], [5, 2, 1, 0], [5, 5, 5, 5], [5, 4, 4, 4], [5, 3, 3, 3], [5, 2, 2, 2], [5, 2, 1, 1]], 3], "111111/000011/000000/000000": [[[6, 6, 0, 0], [6, 5, 0, 0], [6, 4, 0, 0], [6, 3, 0, 0], [6, 6, 6, 0], [6, 5, 5, 0], [6, 4, 4, 0], [6, 3, 3, 0], [6, 2, 2, 0], [6, 2, 1, 0], [6, 5, 5, 5], [6, 4, 4, 4], [6, 3, 3, 3], [6, 2, 2, 2], [6, 2, 1, 1]], 3], "000111/000011/000011/000000": [[[6, 2, 2, 0], [5, 2, 2, 0], [4, 2, 2, 0], [6, 6, 2, 0], [5, 5, 2, 0], [4, 4, 2, 0], [3, 3, 2, 0], [6, 6, 6, 0], [5, 5, 5, 0], [4, 4, 4, 0], [3, 3, 3, 0], [5, 5, 5, 5], [4, 4, 4, 4], [3, 3, 3, 3], [3, 2, 2, 2], [3, 2, 2, 1]], 3], "000111/000011/000011/000011": [[[6, 2, 2, 2], [5, 2, 2, 2], [4, 2, 2, 2], [6, 6, 2, 2], [5, 5, 2, 2], [4, 4, 2, 2], [3, 3, 2, 2], [6, 6, 6, 2], [5, 5, 5, 2], [4, 4, 4, 2], [3, 3, 3, 2], [5, 5, 5, 5], [4, 4, 4, 4], [3, 3, 3, 3]], 3], "000111/000011/000011/000001": [[[6, 2, 2, 1], [5, 2, 2, 1], [4, 2, 2, 1], [6, 6, 2, 1], [5, 5, 2, 1], [4, 4, 2, 1], [3, 3, 2, 1], [6, 6, 6, 1], [5, 5, 5, 1], [4, 4, 4, 1], [3, 3, 3, 1], [5, 5, 5, 5], [4, 4, 4, 4], [3, 3, 3, 3], [3, 2, 2, 2]], 3], "001111/000011/000011/000000": [[[6, 2, 2, 0], [5, 2, 2, 0], [6, 6, 2, 0], [5, 5, 2, 0], [4, 4, 2, 0], [4, 3, 2, 0], [6, 6, 6, 0], [5, 5, 5, 0], [4, 4, 4, 0], [4, 3, 3, 0], [5, 5, 5, 5], [4, 4, 4, 4], [4, 3, 3, 3], [4, 2, 2, 2], [4, 2, 2, 1]], 3], "011111/000011/000011/000000": [[[6, 2, 2, 0], [6, 6, 2, 0], [5, 5, 2, 0], [5, 4, 2, 0], [5, 3, 2, 0], [6, 6, 6, 0], [5, 5, 5, 0], [5, 4, 4, 0], [5, 3, 3, 0], [5, 5, 5, 5], [5, 4, 4, 4], [5, 3, 3, 3], [5, 2, 2, 2], [5, 2, 2, 1]], 3], "111111/000011/000011/000000": [[[6, 6, 2, 0], [6, 5, 2, 0], [6, 4, 2, 0], [6, 3, 2, 0], [6, 6, 6, 0], [6, 5, 5, 0], [6, 4, 4, 0], [6, 3, 3, 0], [6, 5, 5, 5], [6, 4, 4, 4], [6, 3, 3, 3], [6, 2, 2, 2], [6, 2, 2, 1]], 3], "001111/000011/000011/000011": [[[6, 2, 2, 2], [5, 2, 2, 2], [6, 6, 2, 2], [5, 5, 2, 2], [4, 4, 2, 2], [4, 3, 2, 2], [6, 6, 6, 2], [5, 5, 5, 2], [4, 4, 4, 2], [4, 3, 3, 2], [5, 5, 5, 5], [4, 4, 4, 4], [4, 3, 3, 3]], 3], "011111/000011/000011/000011": [[[6, 2, 2, 2], [6, 6, 2, 2], [5, 5, 2, 2], [5, 4, 2, 2], [5, 3, 2, 2], [6, 6, 6, 2], [5, 5, 5, 2], [5, 4, 4, 2], [5, 3, 3, 2], [5, 5, 5, 5], [5, 4, 4, 4], [5, 3, 3, 3]], 3], "111111/000011/000011/000011": [[[6, 6, 2, 2], [6, 5, 2, 2], [6, 4, 2, 2], [6, 3, 2, 2], [6, 6, 6, 2], [6, 5, 5, 2], [6, 4, 4, 2], [6, 3, 3, 2], [6, 5, 5, 5], [6, 4, 4, 4], [6, 3, 3, 3]], 3], "001111/000011/000011/000001": [[[6, 2, 2, 1], [5, 2, 2, 1], [6, 6, 2, 1], [5, 5, 2, 1], [4, 4, 2, 1], [4, 3, 2, 1], [6, 6, 6, 1], [5, 5, 5, 1], [4, 4, 4, 1], [4, 3, 3, 1], [5, 5, 5, 5], [4, 4, 4, 4], [4, 3, 3, 3], [4, 2, 2, 2]], 3], "011111/000011/000011/000001": [[[6, 2, 2, 1], [6, 6, 2, 1], [5, 5, 2, 1], [5, 4, 2, 1], [5, 3, 2, 1], [6, 6, 6, 1], [5, 5, 5, 1], [5, 4, 4, 1], [5, 3, 3, 1], [5, 5, 5, 5], [5, 4, 4, 4], [5, 3, 3, 3], [5, 2, 2, 2]], 3], "111111/000011/000011/000001": [[[6, 6, 2, 1], [6, 5, 2, 1], [6, 4, 2, 1], [6, 3, 2, 1], [6, 6, 6, 1], [6, 5, 5, 1], [6, 4, 4, 1], [6, 3, 3, 1], [6, 5, 5, 5], [6, 4, 4, 4], [6, 3, 3, 3], [6, 2, 2, 2]], 3], "000111/000011/000001/000000": [[[6, 2, 1, 0], [5, 2, 1, 0], [4, 2, 1, 0], [6, 6, 1, 0], [5, 5, 1, 0], [4, 4, 1, 0], [3, 3, 1, 0], [6, 6, 6, 0], [5, 5, 5, 0], [4, 4, 4, 0], [3, 3, 3, 0], [3, 2, 2, 0], [5, 5, 5, 5], [4, 4, 4, 4], [3, 3, 3, 3], [3, 2, 2, 2], [3, 2, 1, 1]], 3], "000111/000011/000001/000001": [[[6, 2, 1, 1], [5, 2, 1, 1], [4, 2, 1, 1], [6, 6, 1, 1], [5, 5, 1, 1], [4, 4, 1, 1], [3, 3, 1, 1], [6, 6, 6, 1], [5, 5, 5, 1], [4, 4, 4, 1], [3, 3, 3, 1], [3, 2, 2, 1], [5, 5, 5, 5], [4, 4, 4, 4], [3, 3, 3, 3], [3, 2, 2, 2]], 3], "001111/000011/000001/000000": [[[6, 2, 1, 0], [5, 2, 1, 0], [6, 6, 1, 0], [5, 5, 1, 0], [4, 4, 1, 0], [4, 3, 1, 0], [6, 6, 6, 0], [5, 5, 5, 0], [4, 4, 4, 0], [4, 3, 3, 0], [4, 2, 2, 0], [5, 5, 5, 5], [4, 4, 4, 4], [4, 3, 3, 3], [4, 2, 2, 2], [4, 2, 1, 1]], 3], "011111/000011/000001/000000": [[[6, 2, 1, 0], [6, 6, 1, 0], [5, 5, 1, 0], [5, 4, 1, 0], [5, 3, 1, 0], [6, 6, 6, 0], [5, 5, 5, 0], [5, 4, 4, 0], [5, 3, 3, 0], [5, 2, 2, 0], [5, 5, 5, 5], [5, 4, 4, 4], [5, 3, 3, 3], [5, 2, 2, 2], [5, 2, 1, 1]], 3], "111111/000011/000001/000000": [[[6, 6, 1, 0], [6, 5, 1, 0], [6, 4, 1, 0], [6, 3, 1, 0], [6, 6, 6, 0], [6, 5, 5, 0], [6, 4, 4, 0], [6, 3, 3, 0], [6, 2, 2, 0], [6, 5, 5, 5], [6, 4, 4, 4], [6, 3, 3, 3], [6, 2, 2, 2], [6, 2, 1, 1]], 3], "001111/000011/000001/000001": [[[6, 2, 1, 1], [5, 2, 1, 1], [6, 6, 1, 1], [5, 5, 1, 1], [4, 4, 1, 1], [4, 3, 1, 1], [6, 6, 6, 1], [5, 5, 5, 1], [4, 4, 4, 1], [4, 3, 3, 1], [4, 2, 2, 1], [5, 5, 5, 5], [4, 4, 4, 4], [4, 3, 3, 3], [4, 2, 2, 2]], 3], "011111/000011/000001/000001": [[[6, 2, 1, 1], [6, 6, 1, 1], [5, 5, 1, 1], [5, 4, 1, 1], [5, 3, 1, 1], [6, 6, 6, 1], [5, 5, 5, 1], [5, 4, 4, 1], [5, 3, 3, 1], [5, 2, 2, 1], [5, 5, 5, 5], [5, 4, 4, 4], [5, 3, 3, 3], [5, 2, 2, 2]], 3], "111111/000011/000001/000001": [[[6, 6, 1, 1], [6, 5, 1, 1], [6, 4, 1, 1], [6, 3, 1, 1], [6, 6, 6, 1], [6, 5, 5, 1], [6, 4, 4, 1], [6, 3, 3, 1], [6, 2, 2, 1], [6, 5, 5, 5], [6, 4, 4, 4], [6, 3, 3, 3], [6, 2, 2, 2]], 3], "000011/000001/000000/000000": [[[6, 1, 0, 0], [5, 1, 0, 0], [4, 1, 0, 0], [3, 1, 0, 0], [6, 6, 0, 0], [5, 5, 0, 0], [4, 4, 0, 0], [3, 3, 0, 0], [2, 2, 0, 0], [6, 6, 6, 0], [5, 5, 5, 0], [4, 4, 4, 0], [3, 3, 3, 0], [2, 2, 2, 0], [2, 1, 1, 0], [5, 5, 5, 5], [4, 4, 4, 4], [3, 3, 3, 3], [2, 2, 2, 2], [2, 1, 1, 1]], 3], "000011/000001/000001/000000": [[[6, 1, 1, 0], [5, 1, 1, 0], [4, 1, 1, 0], [3, 1, 1, 0], [6, 6, 1, 0], [5, 5, 1, 0], [4, 4, 1, 0], [3, 3, 1, 0], [2, 2, 1, 0], [6, 6, 6, 0], [5, 5, 5, 0], [4, 4, 4, 0], [3, 3, 3, 0], [2, 2, 2, 0], [5, 5, 5, 5], [4, 4, 4, 4], [3, 3, 3, 3], [2, 2, 2, 2], [2, 1, 1, 1]], 3], "000011/000001/000001/000001": [[[6, 1, 1, 1], [5, 1, 1, 1], [4, 1, 1, 1], [3, 1, 1, 1], [6, 6, 1, 1], [5, 5, 1, 1], [4, 4, 1, 1], [3, 3, 1, 1], [2, 2, 1, 1], [6, 6, 6, 1], [5, 5, 5, 1], [4, 4, 4, 1], [3, 3, 3, 1], [2, 2, 2, 1], [5, 5, 5, 5], [4, 4, 4, 4], [3, 3, 3, 3], [2, 2, 2, 2]], 3], "000111/000001/000000/000000": [[[6, 1, 0, 0], [5, 1, 0, 0], [4, 1, 0, 0], [6, 6, 0, 0], [5, 5, 0, 0], [4, 4, 0, 0], [3, 3, 0, 0], [3, 2, 0, 0], [6, 6, 6, 0], [5, 5, 5, 0], [4, 4, 4, 0], [3, 3, 3, 0], [3, 2, 2, 0], [3, 1, 1, 0], [5, 5, 5, 5], [4, 4, 4, 4], [3, 3, 3, 3], [3, 2, 2, 2], [3, 1, 1, 1]], 3], "001111/000001/000000/000000": [[[6, 1, 0, 0], [5, 1, 0, 0], [6, 6, 0, 0], [5, 5, 0, 0], [4, 4, 0, 0], [4, 3, 0, 0], [4, 2, 0, 0], [6, 6, 6, 0], [5, 5, 5, 0], [4, 4, 4, 0], [4, 3, 3, 0], [4, 2, 2, 0], [4, 1, 1, 0], [5, 5, 5, 5], [4, 4, 4, 4], [4, 3, 3, 3], [4, 2, 2, 2], [4, 1, 1, 1]], 3], "011111/000001/000000/000000": [[[6, 1, 0, 0], [6, 6, 0, 0], [5, 5, 0, 0], [5, 4, 0, 0], [5, 3, 0, 0], [5, 2, 0, 0], [6, 6, 6, 0], [5, 5, 5, 0], [5, 4, 4, 0], [5, 3, 3, 0], [5, 2, 2, 0], [5, 1, 1, 0], [5, 5, 5, 5], [5, 4, 4, 4], [5, 3, 3, 3], [5, 2, 2, 2], [5, 1, 1, 1]], 3], "111111/000001/000000/000000": [[[6, 6, 0, 0], [6, 5, 0, 0], [6, 4, 0, 0], [6, 3, 0, 0], [6, 2, 0, 0], [6, 6, 6, 0], [6, 5, 5, 0], [6, 4, 4, 0], [6, 3, 3, 0], [6, 2, 2, 0], [6, 1, 1, 0], [6, 5, 5, 5], [6, 4, 4, 4], [6, 3, 3, 3], [6, 2, 2, 2], [6, 1, 1, 1]], 3], "000111/000001/000001/000000": [[[6, 1, 1, 0], [5, 1, 1, 0], [4, 1, 1, 0], [6, 6, 1, 0], [5, 5, 1, 0], [4, 4, 1, 0], [3, 3, 1, 0], [3, 2, 1, 0], [6, 6, 6, 0], [5, 5, 5, 0], [4, 4, 4, 0], [3, 3, 3, 0], [3, 2, 2, 0], [5, 5, 5, 5], [4, 4, 4, 4], [3, 3, 3, 3], [3, 2, 2, 2], [3, 1, 1, 1]], 3], "000111/000001/000001/000001": [[[6, 1, 1, 1], [5, 1, 1, 1], [4, 1, 1, 1], [6, 6, 1, 1], [5, 5, 1, 1], [4, 4, 1, 1], [3, 3, 1, 1], [3, 2, 1, 1], [6, 6, 6, 1], [5, 5, 5, 1], [4, 4, 4, 1], [3, 3, 3, 1], [3, 2, 2, 1], [5, 5, 5, 5], [4, 4, 4, 4], [3, 3, 3, 3], [3, 2, 2, 2]], 3], "001111/000001/000001/000000": [[[6, 1, 1, 0], [5, 1, 1, 0], [6, 6, 1, 0], [5, 5, 1, 0], [4, 4, 1, 0], [4, 3, 1, 0], [4, 2, 1, 0], [6, 6, 6, 0], [5, 5, 5, 0], [4, 4, 4, 0], [4, 3, 3, 0], [4, 2, 2, 0], [5, 5, 5, 5], [4, 4, 4, 4], [4, 3, 3, 3], [4, 2, 2, 2], [4, 1, 1, 1]], 3], "011111/000001/000001/000000": [[[6, 1, 1, 0], [6, 6, 1, 0], [5, 5, 1, 0], [5, 4, 1, 0], [5, 3, 1, 0], [5, 2, 1, 0], [6, 6, 6, 0], [5, 5, 5, 0], [5, 4, 4, 0], [5, 3, 3, 0], [5, 2, 2, 0], [5, 5, 5, 5], [5, 4, 4, 4], [5, 3, 3, 3], [5, 2, 2, 2], [5, 1, 1, 1]], 3], "111111/000001/000001/000000": [[[6, 6, 1, 0], [6, 5, 1, 0], [6, 4, 1, 0], [6, 3, 1, 0], [6, 2, 1, 0], [6, 6, 6, 0], [6, 5, 5, 0], [6, 4, 4, 0], [6, 3, 3, 0], [6, 2, 2, 0], [6, 5, 5, 5], [6, 4, 4, 4], [6, 3, 3, 3], [6, 2, 2, 2], [6, 1, 1, 1]], 3], "001111/000001/000001/000001": [[[6, 1, 1, 1], [5, 1, 1, 1], [6, 6, 1, 1], [5, 5, 1, 1], [4, 4, 1, 1], [4, 3, 1, 1], [4, 2, 1, 1], [6, 6, 6, 1], [5, 5, 5, 1], [4, 4, 4, 1], [4, 3, 3, 1], [4, 2, 2, 1], [5, 5, 5, 5], [4, 4, 4, 4], [4, 3, 3, 3], [4, 2, 2, 2]], 3], "011111/000001/000001/000001": [[[6, 1, 1, 1], [6, 6, 1, 1], [5, 5, 1, 1], [5, 4, 1, 1], [5, 3, 1, 1], [5, 2, 1, 1], [6, 6, 6, 1], [5, 5, 5, 1], [5, 4, 4, 1], [5, 3, 3, 1], [5, 2, 2, 1], [5, 5, 5, 5], [5, 4, 4, 4], [5, 3, 3, 3], [5, 2, 2, 2]], 3], "111111/000001/000001/000001": [[[6, 6, 1, 1], [6, 5, 1, 1], [6, 4, 1, 1], [6, 3, 1, 1], [6, 2, 1, 1], [6, 6, 6, 1], [6, 5, 5, 1], [6, 4, 4, 1], [6, 3, 3, 1], [6, 2, 2, 1], [6, 5, 5, 5], [6, 4, 4, 4], [6, 3, 3, 3], [6, 2, 2, 2]], 3]}, [[[false, false, true, true, true, true], [false, false, true, true, true, true], [false, false, true, true, true, true], [false, false, false, false, false, false]]]]